order_id,order_date,customer_id,product_id,product_name,region,quantity,unit_price
ORD00849,01-20-2025,C035,P008,Desk Lamp,Alexandria,4,107.06
ORD00032,2024-08-08,C003,P009,Webcam HD,Giza,10,255.35
ORD00509,2025-01-11,C016,P001,Wireless Mouse,Aswan,9,187.09
ORD00736,30/12/2024,C011,P007,Gel Pen Pack,Alexandria,9,70.3
ORD00382,2025-01-06,C038,P006,Notebook Set,Aswan,10,100.46
ORD00019,2024-07-27,C037,P010,Monitor Stand,Mansoura,4,356.31
ORD00448,03/02/2025,C039,P005,Standing Desk,Mansoura,5,401.15
ORD00783,2024-03-07,C005,P007,Gel Pen Pack,Cairo,3,398.98
ORD00545,10-05-2024,C028,P010,Monitor Stand,Mansoura,10,357.49
ORD00057,2025-01-01,C020,P001,Wireless Mouse,Aswan,7,187.54
ORD00636,12-03-2024,C003,P007,Gel Pen Pack,Alexandria,2,29.26
ORD00682,04-15-2024,C019,P005,Standing Desk,Mansoura,7,71.64
ORD00354,12-05-2024,C001,P004,Office Chair,Giza,7,302.82
ORD00786,06-13-2024,C024,P009,Webcam HD,Mansoura,9,216.96
ORD00237,17/06/2024,C022,P007,Gel Pen Pack,Aswan,7,364.77
ORD00811,14/01/2025,,P010,Monitor Stand,Alexandria,5,69.01
ORD00810,2024-08-12,C006,P002,Mechanical Keyboard,Aswan,4,325.41
ORD00005,2024-02-05,C040,P005,Standing Desk,Giza,10,98.65
ORD00588,02-15-2024,C039,P001,Wireless Mouse,Alexandria,8,281.24
ORD00427,11-02-2024,C034,P004,Office Chair,Giza,4,29.62
ORD01128,2024-10-13,C030,P006,Notebook Set,,7,107.99
ORD00246,04-15-2024,C023,P003,USB-C Hub,Giza,6,213.07
ORD01122,20/04/2024,C005,P004,Office Chair,Aswan,3,59.79
ORD00995,04/12/2024,C034,P002,Mechanical Keyboard,Aswan,4,266.38
ORD00551,08-10-2024,C026,P010,Monitor Stand,Giza,7,191.62
ORD01067,04-04-2024,C004,P010,Monitor Stand,Alexandria,2,299.75
ORD01155,11/12/2024,C028,P003,USB-C Hub,Alexandria,5,150.33
ORD01064,13/06/2024,C001,P010,Monitor Stand,,5,262.27
ORD01090,02-10-2024,C009,P002,Mechanical Keyboard,Giza,2,436.27
ORD00105,26/01/2024,C006,P008,Desk Lamp,Alexandria,10,437.43
ORD01061,13/12/2024,C007,P001,Wireless Mouse,Aswan,7,429.33
ORD00709,2024-08-04,C006,P004,Office Chair,Giza,8,79.45
ORD00055,2024-11-14,C002,P001,Wireless Mouse,Alexandria,4,380.06
ORD01131,2024-09-08,C002,P010,Monitor Stand,Mansoura,10,290.02
ORD00202,21/07/2024,C036,P001,Wireless Mouse,Mansoura,5,329.63
ORD00698,08-09-2024,C010,P005,Standing Desk,Cairo,5,228.52
ORD00253,2024-08-04,C027,P007,Gel Pen Pack,Aswan,3,265.04
ORD00217,2024-06-12,C030,P008,Desk Lamp,Cairo,8,346.31
ORD00796,05/01/2024,C037,P003,USB-C Hub,Alexandria,5,425.36
ORD00020,2024-02-25,C007,P001,Wireless Mouse,Cairo,7,331.77
ORD00344,2024-11-13,C031,P002,Mechanical Keyboard,Cairo,10,267.44
ORD00188,2024-03-11,C035,P004,Office Chair,Giza,9,317.83
ORD00890,2024-05-08,C032,P002,Mechanical Keyboard,Cairo,3,349.71
ORD01172,01-17-2025,C032,P002,Mechanical Keyboard,Aswan,6,51.15
ORD00575,07-25-2024,C001,P010,Monitor Stand,,8,222.99
ORD01140,07/09/2024,C019,P003,USB-C Hub,Giza,8,130.08
ORD00864,28/11/2024,C025,P003,USB-C Hub,Cairo,8,391.23
ORD00689,2024-08-11,C017,P005,Standing Desk,Aswan,5,239.88
ORD00949,2024-12-15,C027,P002,Mechanical Keyboard,Aswan,8,129.33
ORD00003,23/06/2024,C018,P010,Monitor Stand,Cairo,3,318.69
ORD00686,14/07/2024,C003,P010,Monitor Stand,Cairo,5,234.48
ORD00639,03-28-2024,C034,P001,Wireless Mouse,Alexandria,,434.45
ORD01103,10-10-2024,C011,P005,Standing Desk,Giza,6,-194.83
ORD00060,01-09-2025,C040,P005,Standing Desk,Aswan,8,217.22
ORD00259,2024-03-01,C017,P008,Desk Lamp,Giza,2,206.0
ORD00836,20/10/2024,C020,P010,Monitor Stand,Mansoura,2,62.53
ORD00267,2024-05-20,C013,P007,Gel Pen Pack,Alexandria,5,84.16
ORD00341,08-31-2024,C022,P004,Office Chair,Alexandria,9,292.67
ORD00078,15/02/2024,C019,P008,Desk Lamp,Mansoura,9,30.96
ORD00053,18/04/2024,C012,P008,Desk Lamp,Cairo,5,179.91
ORD00454,20/03/2024,C029,P002,Mechanical Keyboard,Giza,,194.31
ORD00785,11/02/2024,C033,P003,USB-C Hub,Aswan,8,106.02
ORD00444,13/05/2024,C031,P005,Standing Desk,Cairo,8,338.9
ORD01166,06-04-2024,C028,P002,Mechanical Keyboard,Cairo,4,263.34
ORD00038,29/02/2024,C021,P006,Notebook Set,Mansoura,10,443.14
ORD00984,2024-12-18,C010,P006,Notebook Set,Giza,2,19.19
ORD00265,18/04/2024,C035,P002,Mechanical Keyboard,Mansoura,4,436.14
ORD00590,30/08/2024,C013,P001,Wireless Mouse,Cairo,3,313.08
ORD00081,2024-02-17,C020,P003,USB-C Hub,Aswan,1,255.23
ORD00596,11-22-2024,C022,P003,USB-C Hub,Alexandria,5,277.58
ORD00479,20/11/2024,C036,P006,Notebook Set,Giza,6,194.37
ORD00119,2024-09-28,C005,P007,Gel Pen Pack,Alexandria,1,54.91
ORD00794,17/04/2024,C026,P003,USB-C Hub,Alexandria,4,329.65
ORD00721,05/07/2024,C033,P008,Desk Lamp,Mansoura,2,82.12
ORD00733,09-21-2024,C025,P003,USB-C Hub,Aswan,4,60.77
ORD00029,02-24-2024,C020,P009,Webcam HD,Cairo,3,130.04
ORD00918,2024-11-03,C006,P004,Office Chair,Giza,3,-423.29
ORD00250,2024-06-15,C037,P002,Mechanical Keyboard,Cairo,9,96.33
ORD00013,06-01-2024,C012,P009,Webcam HD,Aswan,2,393.68
ORD01136,23/06/2024,C020,P001,Wireless Mouse,Giza,9,167.55
ORD00109,04-23-2024,C033,P006,Notebook Set,Aswan,2,211.62
ORD00343,06/06/2024,C006,P006,Notebook Set,Alexandria,6,112.15
ORD00558,30/05/2024,C022,P010,Monitor Stand,Mansoura,6,432.85
ORD00118,25/12/2024,C039,P001,Wireless Mouse,Giza,1,93.48
ORD00302,06-12-2024,C021,P009,Webcam HD,Mansoura,5,93.22
ORD00240,05-29-2024,C002,P009,Webcam HD,Mansoura,4,205.73
ORD00268,2025-01-21,C004,P003,USB-C Hub,Mansoura,5,330.8
ORD01150,03-19-2024,,P004,Office Chair,Mansoura,2,330.0
ORD00269,2024-08-15,C009,P002,Mechanical Keyboard,Aswan,,240.96
ORD00197,12-17-2024,C008,P001,Wireless Mouse,Mansoura,5,84.48
ORD00950,03-22-2024,C001,P009,Webcam HD,Alexandria,2,141.44
ORD00477,07-31-2024,C037,P004,Office Chair,Alexandria,9,340.9
ORD00195,2024-02-18,C033,P007,Gel Pen Pack,,2,189.36
ORD01014,10-23-2024,C027,P010,Monitor Stand,Giza,5,97.9
ORD00511,2024-02-27,C030,P003,USB-C Hub,Mansoura,2,329.35
ORD00649,11/09/2024,C032,P009,Webcam HD,Mansoura,4,142.7
ORD00438,07-20-2024,C031,P007,Gel Pen Pack,Aswan,1,233.58
ORD00827,29/08/2024,C006,P008,Desk Lamp,Giza,7,179.31
ORD00647,04-28-2024,C007,P008,Desk Lamp,Cairo,5,227.86
ORD00139,2024-03-24,C040,P006,Notebook Set,Alexandria,10,178.87
ORD00023,2024-09-06,C019,P008,Desk Lamp,Mansoura,9,302.91
ORD00070,14/08/2024,C040,P010,Monitor Stand,Alexandria,9,180.46
ORD00595,12-20-2024,C018,P006,Notebook Set,Alexandria,6,70.34
ORD00506,2024-07-30,C003,P004,Office Chair,Mansoura,1,417.56
ORD01107,03/06/2024,C021,P005,Standing Desk,Mansoura,9,338.42
ORD00296,2024-03-12,C036,P009,Webcam HD,Alexandria,,215.99
ORD00489,11-11-2024,C032,P004,Office Chair,Mansoura,10,100.3
ORD00710,13/04/2024,C031,P008,Desk Lamp,,8,269.57
ORD00334,05-12-2024,C038,P008,Desk Lamp,Aswan,6,164.75
ORD00549,2024-10-25,C020,P010,Monitor Stand,Mansoura,6,445.78
ORD00825,2024-10-08,C014,P003,USB-C Hub,Alexandria,2,90.55
ORD00470,31/05/2024,C011,P009,Webcam HD,Cairo,9,82.44
ORD00185,2024-04-08,C035,P006,Notebook Set,Giza,5,280.38
ORD01007,2024-08-21,C005,P006,Notebook Set,Alexandria,3,159.49
ORD00172,24/02/2024,C026,P006,Notebook Set,Alexandria,6,239.02
ORD00990,20/08/2024,C004,P010,Monitor Stand,Mansoura,5,317.96
ORD00945,14/03/2024,C037,P003,USB-C Hub,Mansoura,2,365.06
ORD00508,09-25-2024,C026,P006,Notebook Set,Aswan,10,273.31
ORD00635,10/02/2024,C020,P004,Office Chair,Alexandria,4,71.64
ORD00732,29/04/2024,C038,P004,Office Chair,Aswan,9,382.36
ORD00873,05-10-2024,C011,P007,Gel Pen Pack,Mansoura,8,51.22
ORD00994,03-16-2024,C030,P010,Monitor Stand,Cairo,3,153.91
ORD00192,05/01/2024,C032,P007,Gel Pen Pack,Alexandria,5,396.38
ORD00072,27/12/2024,C031,P010,Monitor Stand,Giza,1,115.69
ORD00957,10-14-2024,C023,P007,Gel Pen Pack,Aswan,7,373.01
ORD01073,10-21-2024,C005,P002,Mechanical Keyboard,Alexandria,10,234.02
ORD01046,03/08/2024,C031,P010,Monitor Stand,Giza,1,29.04
ORD01115,2024-09-10,C029,P004,Office Chair,Cairo,1,400.19
ORD00927,2024-11-30,C039,P007,Gel Pen Pack,Giza,3,363.93
ORD00022,2024-07-24,C011,P004,Office Chair,Mansoura,8,-224.39
ORD01125,2025-01-24,C028,P008,Desk Lamp,Mansoura,6,146.61
ORD00112,2024-12-25,C030,P005,Standing Desk,Aswan,10,202.14
ORD00833,2024-11-26,C003,P008,Desk Lamp,Giza,1,318.4
ORD00110,08-06-2024,C002,P008,Desk Lamp,Cairo,8,383.57
ORD01032,2024-06-30,C003,P005,Standing Desk,Aswan,8,33.54
ORD01037,03-30-2024,C021,P008,Desk Lamp,Alexandria,4,60.86
ORD01000,2025-01-16,C007,P010,Monitor Stand,Alexandria,8,396.15
ORD00777,06-20-2024,C039,P008,Desk Lamp,Giza,10,261.25
ORD00659,02-04-2024,C038,P002,Mechanical Keyboard,Cairo,10,161.52
ORD00589,01-24-2025,C008,P004,Office Chair,Aswan,2,284.23
ORD00251,28/02/2024,C039,P006,Notebook Set,Mansoura,10,185.76
ORD00642,08-21-2024,C021,P002,Mechanical Keyboard,Mansoura,2,182.38
ORD00542,27/02/2024,C030,P006,Notebook Set,Mansoura,1,43.43
ORD01076,07-04-2024,C023,P002,Mechanical Keyboard,Aswan,9,48.25
ORD00137,04/07/2024,C006,P009,Webcam HD,Mansoura,9,172.4
ORD01141,2024-10-18,C003,P003,USB-C Hub,Aswan,7,82.73
ORD00241,01/01/2025,C020,P003,USB-C Hub,Alexandria,5,301.52
ORD00399,2024-11-13,C023,P006,Notebook Set,Alexandria,4,58.52
ORD00327,29/07/2024,C007,P010,Monitor Stand,Giza,9,397.86
ORD00924,18/05/2024,C040,P005,Standing Desk,Giza,6,395.8
ORD00338,07/11/2024,C033,P001,Wireless Mouse,Giza,9,296.59
ORD00345,2024-03-18,C020,P009,Webcam HD,Mansoura,1,393.82
ORD00123,17/01/2025,C019,P005,Standing Desk,Giza,2,18.36
ORD00234,02-13-2024,C001,P007,Gel Pen Pack,Giza,7,183.69
ORD01132,03-19-2024,C024,P001,Wireless Mouse,Cairo,10,404.01
ORD00926,2024-03-06,C028,P010,Monitor Stand,Giza,3,54.34
ORD00459,01-26-2024,C032,P010,Monitor Stand,Alexandria,,23.44
ORD01056,03-11-2024,C032,P010,Monitor Stand,Giza,2,103.55
ORD01047,10-15-2024,C004,P006,Notebook Set,Alexandria,8,46.72
ORD00766,2024-04-10,C015,P001,Wireless Mouse,Mansoura,2,413.89
ORD00376,10-10-2024,C020,P009,Webcam HD,Aswan,6,324.67
ORD00263,2024-11-20,C018,P010,Monitor Stand,Mansoura,7,211.62
ORD00064,25/06/2024,C038,P005,Standing Desk,Giza,8,255.76
ORD00453,11-23-2024,C039,P010,Monitor Stand,Mansoura,10,204.22
ORD00906,07/03/2024,C002,P009,Webcam HD,Alexandria,10,134.25
ORD01001,2024-10-08,C029,P009,Webcam HD,Giza,5,66.47
ORD01173,06-29-2024,C010,P001,Wireless Mouse,Aswan,10,87.53
ORD01031,2024-08-05,C026,P005,Standing Desk,,,216.82
ORD00280,29/02/2024,C004,P004,Office Chair,Alexandria,2,417.21
ORD00396,10-02-2024,C003,P002,Mechanical Keyboard,Cairo,10,274.54
ORD00169,11-24-2024,C003,P010,Monitor Stand,Cairo,2,34.78
ORD00339,2024-09-21,C018,P006,Notebook Set,Giza,5,96.94
ORD01080,12-22-2024,C025,P009,Webcam HD,Mansoura,6,70.44
ORD00473,2024-04-08,C012,P003,USB-C Hub,Cairo,4,61.57
ORD00560,22/05/2024,C006,P008,Desk Lamp,,9,48.44
ORD01065,01-30-2024,C023,P001,Wireless Mouse,Mansoura,9,109.76
ORD00584,2024-06-13,C021,P007,Gel Pen Pack,Cairo,10,252.46
ORD00905,2025-01-02,C036,P005,Standing Desk,Giza,6,210.09
ORD00026,01/01/2025,C034,P010,Monitor Stand,Giza,5,103.85
ORD00405,11-10-2024,C024,P007,Gel Pen Pack,Aswan,1,303.27
ORD00793,25/07/2024,,P001,Wireless Mouse,Giza,6,355.66
ORD01185,07-22-2024,C029,P001,Wireless Mouse,Mansoura,1,142.44
ORD00608,01/04/2024,C013,P002,Mechanical Keyboard,Mansoura,2,49.87
ORD00627,05-12-2024,C024,P010,Monitor Stand,Aswan,8,261.02
ORD00607,08-19-2024,C031,P002,Mechanical Keyboard,Aswan,9,406.26
ORD01084,10-15-2024,C015,P002,Mechanical Keyboard,Giza,8,163.39
ORD01020,08-01-2024,C038,P006,Notebook Set,Alexandria,4,123.76
ORD00398,07/02/2024,C004,P010,Monitor Stand,Aswan,8,295.43
ORD00860,29/12/2024,C021,P003,USB-C Hub,Aswan,1,384.67
ORD00210,10-29-2024,C020,P007,Gel Pen Pack,Giza,1,257.17
ORD00895,28/05/2024,C028,P006,Notebook Set,Aswan,1,203.93
ORD00294,12-22-2024,C006,P002,Mechanical Keyboard,Alexandria,5,374.48
ORD00724,01-02-2025,C002,P006,Notebook Set,Mansoura,3,350.02
ORD00699,17/07/2024,C024,P002,Mechanical Keyboard,Aswan,4,227.99
ORD01157,06/01/2024,C037,P003,USB-C Hub,Aswan,7,313.54
ORD00779,04/01/2024,C025,P006,Notebook Set,Alexandria,,95.15
ORD00797,2024-10-17,C035,P007,Gel Pen Pack,Giza,6,270.33
ORD00612,2024-05-27,C011,P005,Standing Desk,Giza,4,225.65
ORD00845,22/11/2024,C033,P008,Desk Lamp,Mansoura,,16.36
ORD00798,14/04/2024,C039,P010,Monitor Stand,Aswan,7,441.37
ORD00708,2024-11-28,C002,P002,Mechanical Keyboard,Alexandria,1,106.01
ORD00750,2024-07-27,C018,P002,Mechanical Keyboard,Cairo,6,217.2
ORD00218,10-23-2024,C002,P003,USB-C Hub,Giza,9,421.62
ORD00154,15/01/2025,C008,P005,Standing Desk,Giza,7,401.93
ORD00516,09-12-2024,C040,P001,Wireless Mouse,Giza,1,214.51
ORD00701,27/08/2024,C032,P003,USB-C Hub,Aswan,9,51.53
ORD00675,2024-09-16,C028,P006,Notebook Set,Cairo,3,318.84
ORD00645,31/10/2024,C005,P003,USB-C Hub,Giza,4,162.3
ORD00056,01-17-2025,C017,P008,Desk Lamp,Giza,3,278.56
ORD00333,03-04-2024,C024,P005,Standing Desk,Mansoura,9,187.67
ORD00772,2024-02-22,C034,P008,Desk Lamp,Giza,10,98.73
ORD00587,23/11/2024,C027,P005,Standing Desk,Mansoura,3,104.68
ORD00522,11-18-2024,C040,P004,Office Chair,Cairo,2,263.54
ORD00247,2024-02-28,C005,P006,Notebook Set,Giza,1,367.43
ORD00271,11-08-2024,C010,P003,USB-C Hub,Cairo,9,260.03
ORD01123,01-12-2025,C022,P007,Gel Pen Pack,Aswan,10,278.08
ORD00681,08-20-2024,C001,P002,Mechanical Keyboard,Aswan,7,351.41
ORD00880,23/11/2024,C037,P007,Gel Pen Pack,Giza,1,414.52
ORD00900,2024-01-01,C016,P007,Gel Pen Pack,Giza,1,94.06
ORD00948,2024-12-14,C019,P006,Notebook Set,Mansoura,7,387.8
ORD00688,06/03/2024,C017,P003,USB-C Hub,Cairo,6,34.21
ORD00931,2024-12-25,C025,P003,USB-C Hub,Cairo,7,176.68
ORD00079,22/09/2024,C035,P001,Wireless Mouse,Mansoura,7,38.58
ORD01049,2024-04-26,C028,P006,Notebook Set,Mansoura,5,354.97
ORD00084,08-16-2024,C038,P005,Standing Desk,Aswan,8,391.39
ORD00002,01-14-2024,C006,P001,Wireless Mouse,Alexandria,4,234.83
ORD00289,2024-09-28,C001,P006,Notebook Set,Mansoura,5,60.22
ORD00972,05-05-2024,C016,P003,USB-C Hub,Alexandria,5,99.32
ORD00640,2024-02-24,C024,P008,Desk Lamp,Aswan,3,206.25
ORD00912,2024-05-23,C001,P001,Wireless Mouse,Giza,4,-332.76
ORD00242,07-03-2024,C035,P007,Gel Pen Pack,Aswan,7,251.49
ORD00371,01-15-2025,C011,P001,Wireless Mouse,Mansoura,3,372.5
ORD00417,2024-03-01,C039,P010,Monitor Stand,Cairo,9,233.95
ORD01099,05/08/2024,C021,P005,Standing Desk,Mansoura,7,366.93
ORD00143,19/05/2024,C008,P009,Webcam HD,Giza,2,346.96
ORD00578,02/07/2024,C020,P004,Office Chair,Mansoura,2,289.32
ORD01144,31/08/2024,C007,P006,Notebook Set,Giza,1,84.06
ORD00374,2024-03-06,C033,P008,Desk Lamp,Alexandria,10,90.54
ORD00006,2024-07-05,C025,P002,Mechanical Keyboard,Giza,8,291.52
ORD00347,2024-09-07,C014,P005,Standing Desk,Alexandria,10,347.55
ORD00515,08/01/2025,C012,P003,USB-C Hub,Cairo,7,149.01
ORD00859,24/05/2024,C026,P006,Notebook Set,Mansoura,2,244.61
ORD00738,01/03/2024,C037,P006,Notebook Set,Giza,1,242.41
ORD00389,05-31-2024,C033,P006,Notebook Set,Aswan,8,226.76
ORD00691,14/10/2024,C003,P008,Desk Lamp,Mansoura,6,445.14
ORD00621,08-16-2024,C019,P001,Wireless Mouse,Giza,6,149.02
ORD00674,2024-05-20,C029,P003,USB-C Hub,Giza,7,358.35
ORD00576,02/07/2024,C008,P008,Desk Lamp,Aswan,9,421.74
ORD00090,10/07/2024,C003,P001,Wireless Mouse,Giza,1,142.61
ORD01055,16/05/2024,C036,P006,Notebook Set,Giza,4,244.18
ORD00671,01-13-2025,C020,P006,Notebook Set,Cairo,10,30.14
ORD00903,10-27-2024,C007,P002,Mechanical Keyboard,Alexandria,10,67.35
ORD00920,2024-01-23,C018,P009,Webcam HD,Aswan,2,24.23
ORD00821,10/07/2024,C016,P007,Gel Pen Pack,Aswan,2,41.07
ORD00024,09-14-2024,C021,P001,Wireless Mouse,Cairo,1,269.12
ORD00486,10-03-2024,C004,P007,Gel Pen Pack,Giza,9,32.91
ORD00953,19/04/2024,C035,P001,Wireless Mouse,Alexandria,8,78.3
ORD00305,2024-10-15,C002,P010,Monitor Stand,Giza,10,260.17
ORD01130,2024-07-22,C018,P010,Monitor Stand,Cairo,5,294.13
ORD00555,22/10/2024,C033,P004,Office Chair,Giza,7,418.06
ORD01069,06-15-2024,C008,P008,Desk Lamp,Aswan,2,118.09
ORD00722,2024-03-28,C016,P001,Wireless Mouse,Mansoura,6,139.74
ORD00094,03/12/2024,C037,P006,Notebook Set,Giza,5,24.54
ORD00176,01-27-2024,C024,P005,Standing Desk,Mansoura,6,34.68
ORD01010,09/05/2024,C023,P008,Desk Lamp,Aswan,5,303.58
ORD00243,11-26-2024,C023,P004,Office Chair,Alexandria,10,34.27
ORD00460,2024-09-09,C001,P008,Desk Lamp,Alexandria,2,80.55
ORD00293,03-02-2024,C011,P002,Mechanical Keyboard,Mansoura,8,151.6
ORD00424,11-10-2024,C033,P004,Office Chair,Mansoura,6,363.37
ORD01002,01-26-2024,C004,P006,Notebook Set,Mansoura,5,175.85
ORD01163,2025-01-07,C012,P004,Office Chair,Cairo,9,56.14
ORD00484,02-18-2024,C012,P008,Desk Lamp,Mansoura,10,371.49
ORD00348,09/01/2025,C025,P008,Desk Lamp,Cairo,1,247.2
ORD00548,07-18-2024,C010,P001,Wireless Mouse,Alexandria,8,246.1
ORD00504,04-28-2024,C040,P010,Monitor Stand,Giza,10,261.66
ORD00867,10-01-2024,C012,P009,Webcam HD,Mansoura,1,186.3
ORD00941,2025-01-31,C022,P002,Mechanical Keyboard,Mansoura,,58.94
ORD00599,2024-12-22,C003,P009,Webcam HD,,9,186.53
ORD00958,12/09/2024,C001,P006,Notebook Set,Alexandria,8,421.21
ORD00100,2024-08-29,C025,P010,Monitor Stand,Giza,2,308.55
ORD00502,2025-01-03,C011,P010,Monitor Stand,Giza,2,257.44
ORD00573,01/01/2025,C014,P007,Gel Pen Pack,Aswan,2,411.99
ORD00853,07-13-2024,C037,P002,Mechanical Keyboard,Giza,3,386.2
ORD00494,2024-03-28,C025,P001,Wireless Mouse,Aswan,9,33.91
ORD00037,2024-05-13,C022,P009,Webcam HD,Cairo,2,396.51
ORD00062,05-21-2024,C022,P005,Standing Desk,Giza,,320.01
ORD00184,05/12/2024,C009,P001,Wireless Mouse,Aswan,4,258.99
ORD00713,2024-08-11,C032,P002,Mechanical Keyboard,Aswan,6,210.02
ORD00004,01-23-2024,C023,P002,Mechanical Keyboard,Giza,10,130.07
ORD00832,07-07-2024,C023,P005,Standing Desk,Aswan,8,291.22
ORD00355,24/02/2024,C033,P002,Mechanical Keyboard,Aswan,2,137.98
ORD00074,08-27-2024,C039,P005,Standing Desk,Aswan,5,206.03
ORD00858,2024-12-03,C012,P001,Wireless Mouse,Mansoura,7,145.11
ORD00261,09-20-2024,C021,P003,USB-C Hub,Giza,5,264.14
ORD00422,12/10/2024,C026,P005,Standing Desk,Alexandria,7,255.17
ORD00120,2024-03-20,C037,P006,Notebook Set,Aswan,2,399.25
ORD00662,01-31-2024,C040,P009,Webcam HD,Mansoura,10,331.08
ORD00878,2024-01-25,C036,P005,Standing Desk,Giza,10,58.09
ORD00349,25/06/2024,C001,P001,Wireless Mouse,Alexandria,4,316.68
ORD01145,08-12-2024,C030,P003,USB-C Hub,Aswan,3,342.14
ORD01199,2024-08-14,C021,P001,Wireless Mouse,Cairo,4,223.06
ORD00492,2024-05-27,C004,P002,Mechanical Keyboard,Alexandria,10,418.13
ORD00843,01/07/2024,C026,P006,Notebook Set,Mansoura,10,-39.9
ORD01191,07/01/2024,C014,P001,Wireless Mouse,Aswan,5,79.54
ORD00360,24/07/2024,C006,P005,Standing Desk,Giza,6,94.55
ORD00252,2024-06-09,C040,P005,Standing Desk,Aswan,2,307.37
ORD00717,2024-09-14,C023,P005,Standing Desk,Alexandria,3,375.16
ORD00751,10-11-2024,C036,P005,Standing Desk,Aswan,2,122.15
ORD00695,01-23-2024,C018,P008,Desk Lamp,Aswan,1,158.3
ORD00406,24/01/2025,C010,P010,Monitor Stand,Mansoura,6,32.58
ORD00142,01-27-2024,C013,P003,USB-C Hub,Aswan,3,394.76
ORD01190,2024-12-21,C031,P005,Standing Desk,Mansoura,5,82.18
ORD01158,08-18-2024,C017,P007,Gel Pen Pack,Cairo,10,366.1
ORD00033,06-30-2024,C023,P001,Wireless Mouse,Alexandria,4,305.12
ORD00076,2025-01-25,C038,P010,Monitor Stand,Cairo,5,265.67
ORD00761,22/11/2024,C014,P010,Monitor Stand,Cairo,4,443.15
ORD00178,2024-09-13,C010,P006,Notebook Set,Alexandria,10,236.47
ORD00939,10-18-2024,C003,P004,Office Chair,Alexandria,5,51.99
ORD01194,01/07/2024,C018,P003,USB-C Hub,Aswan,2,297.75
ORD00230,07-01-2024,C002,P006,Notebook Set,Giza,8,228.41
ORD00434,2024-06-30,C005,P006,Notebook Set,Aswan,3,222.3
ORD00603,01-29-2024,C006,P004,Office Chair,Aswan,6,335.06
ORD00088,11-16-2024,C022,P002,Mechanical Keyboard,Aswan,7,430.05
ORD01074,23/09/2024,C004,P009,Webcam HD,Aswan,8,301.75
ORD00224,26/07/2024,C023,P005,Standing Desk,Giza,7,49.37
ORD01048,2024-09-02,C039,P007,Gel Pen Pack,Aswan,2,401.07
ORD00692,03-27-2024,C006,P006,Notebook Set,Alexandria,5,93.58
ORD01095,08/12/2024,C012,P009,Webcam HD,Giza,4,395.64
ORD00561,03/12/2024,C039,P002,Mechanical Keyboard,Alexandria,10,336.45
ORD00917,2024-01-11,C001,P003,USB-C Hub,Aswan,2,179.38
ORD00991,2024-01-06,C007,P010,Monitor Stand,Cairo,4,35.81
ORD00729,06-08-2024,C019,P009,Webcam HD,Alexandria,2,237.58
ORD00818,02-18-2024,C035,P002,Mechanical Keyboard,Aswan,3,124.59
ORD01079,18/01/2024,C036,P005,Standing Desk,Mansoura,,69.98
ORD00393,07/02/2024,C005,P010,Monitor Stand,Aswan,1,319.88
ORD00513,20/11/2024,C008,P003,USB-C Hub,Cairo,2,322.21
ORD00744,2024-09-24,C035,P010,Monitor Stand,Aswan,1,431.42
ORD00491,2024-01-23,C040,P006,Notebook Set,Mansoura,10,78.43
ORD00884,2025-01-16,C008,P009,Webcam HD,Mansoura,1,283.08
ORD00310,20/10/2024,C009,P005,Standing Desk,Alexandria,1,427.72
ORD00911,12-27-2024,C039,P006,Notebook Set,Giza,6,51.21
ORD00591,23/01/2025,C014,P005,Standing Desk,Mansoura,5,160.42
ORD00275,11-22-2024,,P004,Office Chair,Mansoura,2,119.87
ORD00747,2024-05-26,C006,P005,Standing Desk,Cairo,2,250.67
ORD01096,21/01/2025,C007,P005,Standing Desk,Alexandria,2,433.87
ORD00754,2024-05-24,C023,P007,Gel Pen Pack,Alexandria,10,380.7
ORD01072,07-12-2024,C033,P009,Webcam HD,Aswan,6,423.87
ORD01178,30/11/2024,C030,P006,Notebook Set,Alexandria,2,181.76
ORD00487,23/04/2024,C029,P007,Gel Pen Pack,Aswan,10,234.56
ORD00699,17/07/2024,C024,P002,Mechanical Keyboard,Aswan,4,227.99
ORD00495,03/12/2024,C005,P001,Wireless Mouse,Mansoura,5,-303.4
ORD00452,03/10/2024,C021,P006,Notebook Set,Mansoura,8,439.12
ORD00887,30/05/2024,C035,P004,Office Chair,Cairo,5,145.14
ORD00183,18/03/2024,C013,P002,Mechanical Keyboard,Cairo,8,151.46
ORD00277,31/01/2024,C005,P010,Monitor Stand,Cairo,5,108.85
ORD00623,2024-02-15,C022,P009,Webcam HD,Cairo,10,343.91
ORD00540,23/12/2024,C037,P008,Desk Lamp,Alexandria,2,368.59
ORD00456,14/10/2024,C036,P001,Wireless Mouse,Giza,4,194.11
ORD00778,2024-12-20,C032,P001,Wireless Mouse,Alexandria,1,292.86
ORD00221,2024-04-28,C001,P001,Wireless Mouse,Mansoura,3,-381.51
ORD00420,2025-01-15,,P009,Webcam HD,Giza,4,17.38
ORD00687,09/09/2024,C038,P001,Wireless Mouse,Alexandria,5,88.89
ORD00362,2024-11-09,C012,P008,Desk Lamp,Aswan,7,353.94
ORD00134,11-19-2024,C027,P007,Gel Pen Pack,Giza,10,37.78
ORD00619,08-16-2024,C013,P005,Standing Desk,Cairo,2,249.21
ORD00295,02/06/2024,C023,P004,Office Chair,Mansoura,9,36.29
ORD01189,07-08-2024,C034,P003,USB-C Hub,Giza,1,111.14
ORD00205,03-06-2024,C008,P006,Notebook Set,Alexandria,9,185.98
ORD00442,2025-01-13,C025,P007,Gel Pen Pack,Alexandria,3,-363.02
ORD00266,16/11/2024,C032,P010,Monitor Stand,Giza,,34.99
ORD01038,07/02/2024,C017,P010,Monitor Stand,Cairo,1,383.36
ORD00212,14/10/2024,C020,P004,Office Chair,Alexandria,8,412.91
ORD00714,01-01-2025,C015,P009,Webcam HD,Aswan,6,415.95
ORD00291,2024-10-17,C033,P002,Mechanical Keyboard,Alexandria,7,47.55
ORD00565,17/08/2024,C028,P009,Webcam HD,Cairo,5,418.34
ORD00285,08-01-2024,C036,P001,Wireless Mouse,Mansoura,4,154.98
ORD00213,02-17-2024,C022,P004,Office Chair,Cairo,8,383.5
ORD01129,07/06/2024,C024,P008,Desk Lamp,Aswan,4,17.44
ORD00572,04-12-2024,C012,P005,Standing Desk,Mansoura,2,228.9
ORD00988,2024-07-25,C001,P010,Monitor Stand,Mansoura,5,72.01
ORD00011,01/11/2024,C028,P003,USB-C Hub,,2,182.37
ORD00955,19/08/2024,C026,P005,Standing Desk,Cairo,5,395.09
ORD00436,01-26-2025,C008,P002,Mechanical Keyboard,Cairo,8,282.01
ORD00007,24/03/2024,C039,P002,Mechanical Keyboard,Alexandria,9,332.17
ORD00419,10/05/2024,C038,P006,Notebook Set,Aswan,2,200.09
ORD00543,2024-12-31,C009,P010,Monitor Stand,Aswan,2,191.47
ORD00902,10-28-2024,C022,P003,USB-C Hub,Giza,6,338.18
ORD00226,2024-01-22,C022,P007,Gel Pen Pack,Aswan,2,404.23
ORD00403,01-28-2025,C033,P001,Wireless Mouse,Cairo,10,266.82
ORD00801,02/08/2024,C026,P007,Gel Pen Pack,Alexandria,2,71.17
ORD00863,2024-07-25,C038,P006,Notebook Set,Mansoura,3,287.73
ORD00601,03-11-2024,C038,P010,Monitor Stand,Cairo,8,216.74
ORD00934,21/07/2024,C039,P001,Wireless Mouse,Alexandria,9,84.75
ORD00254,05/04/2024,C036,P003,USB-C Hub,Alexandria,8,140.64
ORD00704,26/12/2024,C026,P003,USB-C Hub,Cairo,2,196.07
ORD00990,20/08/2024,C004,P010,Monitor Stand,Mansoura,5,317.96
ORD00342,14/01/2025,C012,P009,Webcam HD,Giza,2,219.79
ORD00080,23/12/2024,C036,P005,Standing Desk,Alexandria,5,205.58
ORD00497,07/09/2024,C003,P001,Wireless Mouse,Alexandria,9,-147.64
ORD00126,07-24-2024,C028,P002,Mechanical Keyboard,Cairo,4,204.52
ORD00021,2024-10-08,C016,P008,Desk Lamp,Cairo,8,366.49
ORD01184,01-01-2025,C025,P008,Desk Lamp,Cairo,7,431.55
ORD01120,04/02/2024,C004,P002,Mechanical Keyboard,,8,273.59
ORD00446,26/05/2024,C032,P009,Webcam HD,Mansoura,2,180.77
ORD00043,2024-03-16,C016,P002,Mechanical Keyboard,Giza,4,365.85
ORD00292,2024-04-29,C026,P006,Notebook Set,Giza,6,211.95
ORD00693,2024-02-09,C001,P010,Monitor Stand,Aswan,10,93.55
ORD00151,2024-11-25,C009,P006,Notebook Set,Cairo,6,252.52
ORD00946,2024-03-23,C030,P002,Mechanical Keyboard,Giza,3,421.31
ORD00377,06-14-2024,C012,P003,USB-C Hub,Aswan,9,317.03
ORD00054,2024-10-03,C017,P007,Gel Pen Pack,Cairo,8,23.43
ORD00198,09/03/2024,C024,P005,Standing Desk,Aswan,4,110.32
ORD01024,01-25-2025,C009,P007,Gel Pen Pack,Mansoura,1,216.32
ORD00928,08-03-2024,C015,P009,Webcam HD,Mansoura,2,267.72
ORD00542,27/02/2024,C030,P006,Notebook Set,Mansoura,1,43.43
ORD00820,2024-01-07,C015,P009,Webcam HD,Aswan,,321.51
ORD00175,11-30-2024,C019,P001,Wireless Mouse,Mansoura,10,398.82
ORD00947,08-14-2024,C017,P008,Desk Lamp,Mansoura,5,346.97
ORD00075,11/01/2025,C006,P008,Desk Lamp,Aswan,1,401.9
ORD00800,12-03-2024,C025,P002,Mechanical Keyboard,Giza,4,116.37
ORD01092,2024-07-11,C003,P009,Webcam HD,Cairo,4,74.54
ORD00847,2024-12-30,C007,P008,Desk Lamp,Mansoura,5,279.12
ORD00307,03-16-2024,C022,P003,USB-C Hub,Alexandria,6,40.91
ORD00365,2024-11-25,C010,P007,Gel Pen Pack,Aswan,10,38.74
ORD00471,02/05/2024,C002,P003,USB-C Hub,Aswan,6,352.57
ORD00840,2024-06-24,C006,P005,Standing Desk,Mansoura,2,135.39
ORD01086,01/03/2024,C021,P010,Monitor Stand,Cairo,6,138.88
ORD01034,01-25-2025,C022,P010,Monitor Stand,Mansoura,3,136.08
ORD01012,01-14-2025,C023,P003,USB-C Hub,Mansoura,1,121.3
ORD01196,2024-09-24,C035,P009,Webcam HD,Cairo,1,209.29
ORD00715,05-24-2024,C024,P007,Gel Pen Pack,Mansoura,3,285.5
ORD00092,26/08/2024,C030,P005,Standing Desk,Giza,1,406.03
ORD00737,13/10/2024,C030,P004,Office Chair,Mansoura,1,339.73
ORD00581,01-19-2024,C010,P009,Webcam HD,Aswan,4,417.29
ORD00461,2024-03-15,C003,P008,Desk Lamp,Giza,2,381.94
ORD01116,05-30-2024,C026,P007,Gel Pen Pack,Cairo,5,66.15
ORD01124,2024-08-31,C006,P004,Office Chair,Aswan,3,77.35
ORD00851,01-27-2025,C006,P008,Desk Lamp,Giza,4,420.32
ORD01019,20/02/2024,C016,P006,Notebook Set,Mansoura,7,188.61
ORD00518,2024-06-27,C004,P004,Office Chair,Alexandria,3,38.95
ORD00159,08/07/2024,C003,P010,Monitor Stand,Aswan,3,310.39
ORD00298,2024-01-26,C022,P002,Mechanical Keyboard,Cairo,1,424.89
ORD00541,11/11/2024,C015,P008,Desk Lamp,Alexandria,3,389.58
ORD00058,06-26-2024,C039,P005,Standing Desk,Cairo,10,355.45
ORD00009,2024-03-12,C032,P004,Office Chair,Mansoura,8,77.15
ORD00746,12/01/2024,C026,P006,Notebook Set,Aswan,1,228.79
ORD00913,11-20-2024,C007,P010,Monitor Stand,Mansoura,5,393.46
ORD00082,31/07/2024,C032,P003,USB-C Hub,Giza,9,321.85
ORD01164,09/02/2024,C016,P010,Monitor Stand,Aswan,10,214.41
ORD00526,2024-06-14,C005,P005,Standing Desk,Giza,5,235.41
ORD00795,08-07-2024,C022,P008,Desk Lamp,Cairo,6,382.92
ORD00582,26/01/2024,C016,P001,Wireless Mouse,Alexandria,1,89.93
ORD00580,2025-01-04,C003,P001,Wireless Mouse,Giza,1,161.91
ORD00961,21/08/2024,C033,P005,Standing Desk,Cairo,8,297.28
ORD00516,09-12-2024,C040,P001,Wireless Mouse,Giza,1,214.51
ORD00679,01-12-2024,C026,P003,USB-C Hub,Mansoura,10,112.65
ORD00485,2024-03-02,C022,P001,Wireless Mouse,Giza,7,196.19
ORD00136,25/11/2024,C039,P003,USB-C Hub,Cairo,5,258.13
ORD00556,26/09/2024,C031,P010,Monitor Stand,Cairo,3,332.63
ORD00943,11-07-2024,C011,P003,USB-C Hub,Aswan,9,446.64
ORD00388,28/02/2024,C016,P010,Monitor Stand,Cairo,6,180.9
ORD00962,03-31-2024,C008,P006,Notebook Set,Alexandria,8,201.35
ORD01059,2024-06-05,C012,P007,Gel Pen Pack,Mansoura,9,37.73
ORD00514,2025-01-28,C011,P010,Monitor Stand,Mansoura,9,180.56
ORD00610,2024-02-02,C027,P006,Notebook Set,Mansoura,1,141.81
ORD00161,2024-09-08,C014,P008,Desk Lamp,Aswan,5,316.88
ORD00816,01/07/2024,C028,P007,Gel Pen Pack,Cairo,4,107.99
ORD00328,21/12/2024,C026,P005,Standing Desk,Alexandria,10,279.77
ORD00901,08/09/2024,C007,P010,Monitor Stand,Mansoura,3,124.73
ORD00808,2024-01-14,C017,P003,USB-C Hub,Alexandria,9,34.42
ORD00700,2024-02-17,C040,P006,Notebook Set,Alexandria,7,289.35
ORD00052,07-20-2024,C030,P003,USB-C Hub,Alexandria,10,247.34
ORD00157,2024-01-30,C023,P001,Wireless Mouse,Aswan,7,134.43
ORD00877,06-05-2024,C008,P002,Mechanical Keyboard,Alexandria,9,331.82
ORD01195,07-23-2024,C015,P009,Webcam HD,Alexandria,6,303.95
ORD00117,08-07-2024,C024,P009,Webcam HD,Cairo,5,264.73
ORD00429,10-13-2024,C006,P002,Mechanical Keyboard,Aswan,5,330.87
ORD00413,2024-11-22,C034,P003,USB-C Hub,Mansoura,10,436.62
ORD00379,19/12/2024,C019,P003,USB-C Hub,Giza,3,380.13
ORD01117,2024-12-16,C037,P006,Notebook Set,Alexandria,3,141.24
ORD00316,2024-06-18,C039,P003,USB-C Hub,Mansoura,3,38.3
ORD01109,01-25-2025,C002,P007,Gel Pen Pack,Mansoura,7,428.88
ORD00666,12/02/2024,C032,P001,Wireless Mouse,Cairo,1,388.92
ORD00046,21/01/2025,C030,P003,USB-C Hub,Aswan,9,274.02
ORD00439,21/02/2024,C001,P006,Notebook Set,Cairo,4,180.05
ORD00837,02-05-2024,C001,P005,Standing Desk,Alexandria,8,15.69
ORD00763,12-20-2024,C018,P009,Webcam HD,Alexandria,1,446.5
ORD00089,02-20-2024,C019,P004,Office Chair,Alexandria,2,203.78
ORD00841,2024-01-22,C018,P001,Wireless Mouse,Cairo,10,358.31
ORD00882,2024-11-20,C020,P002,Mechanical Keyboard,Mansoura,6,382.68
ORD01171,2024-12-23,C010,P008,Desk Lamp,Mansoura,8,106.63
ORD00386,2024-04-23,C035,P007,Gel Pen Pack,Aswan,7,55.0
ORD00206,2024-04-27,C035,P008,Desk Lamp,Mansoura,9,179.99
ORD00380,09-18-2024,C036,P010,Monitor Stand,Alexandria,9,184.17
ORD00834,02-17-2024,C038,P010,Monitor Stand,Alexandria,1,65.78
ORD01148,03-07-2024,C034,P010,Monitor Stand,Alexandria,10,342.05
ORD00281,24/03/2024,C008,P003,USB-C Hub,Cairo,3,320.15
ORD00956,27/06/2024,C028,P002,Mechanical Keyboard,Giza,5,86.57
ORD00756,13/06/2024,C029,P005,Standing Desk,Giza,4,303.09
ORD00652,03-21-2024,C037,P009,Webcam HD,Mansoura,8,259.58
ORD00690,2024-04-03,C004,P008,Desk Lamp,Alexandria,3,38.74
ORD00083,31/07/2024,C033,P010,Monitor Stand,Alexandria,2,135.17
ORD00745,05-05-2024,C012,P009,Webcam HD,Cairo,5,357.24
ORD01193,2024-07-13,C034,P003,USB-C Hub,Mansoura,3,225.54
ORD01075,2025-01-18,C016,P006,Notebook Set,Giza,4,213.28
ORD00326,03-16-2024,C034,P010,Monitor Stand,Mansoura,2,195.28
ORD00989,20/05/2024,C031,P002,Mechanical Keyboard,Cairo,7,329.62
ORD00915,2025-01-08,C012,P003,USB-C Hub,Alexandria,10,228.38
ORD00861,04-10-2024,C010,P005,Standing Desk,Alexandria,4,364.9
ORD01156,2025-01-10,C007,P009,Webcam HD,Mansoura,2,165.63
ORD00402,03-12-2024,C039,P003,USB-C Hub,Cairo,5,388.54
ORD01071,2024-05-28,C040,P005,Standing Desk,Cairo,3,175.21
ORD00284,2024-01-07,C008,P010,Monitor Stand,Alexandria,9,16.12
ORD00817,2024-07-07,C015,P008,Desk Lamp,Cairo,5,297.73
ORD00361,2024-01-31,C011,P007,Gel Pen Pack,Cairo,3,317.83
ORD00739,05/06/2024,C010,P003,USB-C Hub,Aswan,7,36.16
ORD00368,02-16-2024,C027,P007,Gel Pen Pack,Cairo,9,253.86
ORD00260,2024-04-15,C028,P010,Monitor Stand,Alexandria,10,75.57
ORD00716,09/09/2024,C032,P010,Monitor Stand,Cairo,7,425.23
ORD00846,01-13-2025,C029,P006,Notebook Set,Alexandria,10,225.77
ORD01025,16/10/2024,C022,P002,Mechanical Keyboard,Aswan,2,372.54
ORD00300,2024-09-02,C019,P004,Office Chair,Mansoura,7,399.01
ORD00102,01-15-2025,C025,P003,USB-C Hub,Mansoura,6,306.66
ORD01142,15/01/2025,C014,P005,Standing Desk,Giza,9,254.95
ORD00025,2024-10-18,C005,P010,Monitor Stand,Alexandria,7,67.15
ORD01017,2024-01-01,C020,P008,Desk Lamp,Cairo,7,168.23
ORD00222,09-29-2024,C040,P010,Monitor Stand,Mansoura,8,-21.84
ORD00705,01-17-2025,C022,P005,Standing Desk,,4,95.51
ORD00731,2024-11-29,,P005,Standing Desk,Giza,2,35.76
ORD00970,2024-04-14,C017,P007,Gel Pen Pack,Aswan,3,427.68
ORD01040,2024-04-08,C013,P004,Office Chair,Alexandria,7,369.02
ORD00472,14/06/2024,C032,P009,Webcam HD,Aswan,3,281.67
ORD00773,09-03-2024,C009,P010,Monitor Stand,Aswan,5,169.6
ORD00694,24/02/2024,C026,P002,Mechanical Keyboard,Giza,10,419.18
ORD00633,2024-02-29,C008,P009,Webcam HD,Mansoura,8,413.47
ORD00404,01-30-2025,C031,P009,Webcam HD,Alexandria,6,185.74
ORD00569,04-21-2024,C006,P010,Monitor Stand,Cairo,10,300.62
ORD00923,28/09/2024,C003,P002,Mechanical Keyboard,Aswan,3,92.46
ORD01083,28/11/2024,C001,P003,USB-C Hub,Aswan,10,175.9
ORD01043,03-06-2024,C028,P008,Desk Lamp,Mansoura,2,262.58
ORD00787,2024-04-16,C038,P005,Standing Desk,Mansoura,10,297.64
ORD00101,2024-01-24,C030,P002,Mechanical Keyboard,Giza,7,65.75
ORD00111,11-15-2024,C039,P006,Notebook Set,Alexandria,2,69.89
ORD01045,11-08-2024,C035,P002,Mechanical Keyboard,Aswan,4,386.14
ORD00392,18/11/2024,C015,P010,Monitor Stand,Giza,7,-183.79
ORD00711,10/10/2024,C027,P007,Gel Pen Pack,Mansoura,10,274.19
ORD00982,05-09-2024,C029,P002,Mechanical Keyboard,Alexandria,1,431.77
ORD00718,2024-06-30,C015,P009,Webcam HD,Mansoura,5,447.24
ORD00107,02-26-2024,C009,P003,USB-C Hub,Aswan,5,362.35
ORD00273,05-07-2024,C009,P006,Notebook Set,Alexandria,5,295.41
ORD00919,15/10/2024,C006,P006,Notebook Set,Alexandria,3,223.99
ORD00227,2024-01-17,C005,P001,Wireless Mouse,Giza,9,260.13
ORD00571,07/02/2024,C028,P005,Standing Desk,Giza,5,85.46
ORD00655,2024-03-27,C006,P010,Monitor Stand,Cairo,5,64.8
ORD01139,03-12-2024,C004,P005,Standing Desk,Mansoura,5,92.43
ORD01022,29/07/2024,C030,P006,Notebook Set,Giza,,217.95
ORD01042,13/09/2024,C013,P008,Desk Lamp,Alexandria,10,375.0
ORD00086,29/10/2024,C010,P007,Gel Pen Pack,Mansoura,1,69.92
ORD00366,01-26-2024,C021,P008,Desk Lamp,Alexandria,6,437.01
ORD00697,29/01/2025,C026,P002,Mechanical Keyboard,Giza,3,119.43
ORD01180,11-03-2024,C031,P010,Monitor Stand,Cairo,6,24.88
ORD00774,29/11/2024,C020,P003,USB-C Hub,Aswan,7,238.21
ORD00935,21/03/2024,C033,P010,Monitor Stand,Giza,4,199.3
ORD00638,09-13-2024,C038,P005,Standing Desk,Giza,6,84.84
ORD00770,2024-07-24,C036,P001,Wireless Mouse,Cairo,5,384.72
ORD00726,12-24-2024,C019,P009,Webcam HD,Mansoura,7,400.32
ORD00782,08/07/2024,C022,P002,Mechanical Keyboard,Alexandria,5,213.45
ORD00059,21/11/2024,C032,P007,Gel Pen Pack,Cairo,7,432.94
ORD01174,08/03/2024,C032,P009,Webcam HD,Alexandria,7,415.71
ORD00443,10-14-2024,C035,P009,Webcam HD,Giza,8,145.51
ORD00507,06/05/2024,C040,P008,Desk Lamp,Mansoura,6,392.05
ORD00248,13/10/2024,C034,P004,Office Chair,Alexandria,9,84.66
ORD01070,03/07/2024,C010,P005,Standing Desk,Cairo,6,279.03
ORD00091,11-13-2024,C012,P003,USB-C Hub,Cairo,10,393.82
ORD00598,2024-10-20,C038,P007,Gel Pen Pack,Alexandria,10,426.62
ORD00536,01-08-2024,C018,P002,Mechanical Keyboard,Alexandria,3,134.03
ORD00993,12-18-2024,C004,P002,Mechanical Keyboard,Giza,2,129.72
ORD00299,05/04/2024,C028,P007,Gel Pen Pack,Alexandria,6,108.4
ORD00499,07-20-2024,C018,P009,Webcam HD,Alexandria,3,163.68
ORD00173,22/03/2024,C019,P001,Wireless Mouse,Mansoura,10,196.89
ORD00707,12-19-2024,C040,P005,Standing Desk,,6,315.44
ORD00478,15/09/2024,C007,P007,Gel Pen Pack,Alexandria,3,254.23
ORD00824,08-14-2024,C039,P004,Office Chair,Mansoura,,154.91
ORD00720,03-26-2024,C007,P010,Monitor Stand,Aswan,1,235.68
ORD01187,19/02/2024,C010,P006,Notebook Set,Alexandria,8,106.39
ORD00042,2025-01-11,C029,P008,Desk Lamp,Mansoura,4,237.36
ORD00279,11-28-2024,C021,P009,Webcam HD,Mansoura,10,290.92
ORD01097,07-22-2024,C030,P003,USB-C Hub,Giza,2,166.2
ORD00881,21/05/2024,C029,P003,USB-C Hub,Giza,8,233.47
ORD00158,2024-08-12,C002,P003,USB-C Hub,Alexandria,10,309.97
ORD00466,2024-05-07,C039,P008,Desk Lamp,Alexandria,6,350.3
ORD00555,22/10/2024,C033,P004,Office Chair,Giza,7,418.06
ORD01135,23/01/2024,C010,P009,Webcam HD,Giza,2,90.07
ORD00306,2024-11-04,C032,P003,USB-C Hub,Cairo,,39.43
ORD00449,12-24-2024,C009,P001,Wireless Mouse,Alexandria,5,424.09
ORD00238,12/04/2024,C020,P003,USB-C Hub,Giza,10,427.07
ORD00907,25/03/2024,C032,P007,Gel Pen Pack,Aswan,9,437.62
ORD00106,29/04/2024,C014,P009,Webcam HD,Aswan,4,368.68
ORD00537,06/02/2024,C010,P005,Standing Desk,Giza,10,121.5
ORD00814,08/01/2024,C013,P004,Office Chair,Cairo,1,198.43
ORD01105,03-08-2024,C018,P001,Wireless Mouse,Cairo,7,300.05
ORD01029,12-02-2024,C035,P004,Office Chair,Giza,10,311.37
ORD00743,01-30-2025,C011,P002,Mechanical Keyboard,Cairo,10,289.1
ORD00764,27/07/2024,C004,P007,Gel Pen Pack,Giza,7,382.29
ORD00614,2024-04-04,C037,P006,Notebook Set,Alexandria,8,128.28
ORD01089,01-01-2025,C009,P009,Webcam HD,Mansoura,5,414.33
ORD00980,27/10/2024,C026,P005,Standing Desk,Cairo,10,360.02
ORD00987,06-16-2024,C008,P007,Gel Pen Pack,Cairo,8,89.45
ORD00657,01-26-2025,C007,P008,Desk Lamp,Alexandria,6,231.08
ORD00600,2024-11-27,C014,P007,Gel Pen Pack,Alexandria,,143.67
ORD00985,04-18-2024,C036,P004,Office Chair,Cairo,7,138.37
ORD00412,11-18-2024,C009,P001,Wireless Mouse,Aswan,10,85.09
ORD00805,10/01/2025,C027,P003,USB-C Hub,Alexandria,3,406.48
ORD00283,29/01/2024,C005,P010,Monitor Stand,Mansoura,8,237.19
ORD00706,08-23-2024,C008,P007,Gel Pen Pack,Cairo,3,300.27
ORD00073,2024-11-27,C013,P010,Monitor Stand,Mansoura,2,251.88
ORD00359,03-11-2024,C008,P007,Gel Pen Pack,Cairo,1,19.21
ORD01108,07-27-2024,C019,P007,Gel Pen Pack,Mansoura,2,111.68
ORD00199,12-14-2024,C031,P009,Webcam HD,Aswan,4,346.41
ORD00606,2024-05-21,C023,P006,Notebook Set,Giza,9,310.9
ORD00510,26/05/2024,C029,P005,Standing Desk,Mansoura,5,351.55
ORD00826,04/06/2024,C016,P004,Office Chair,Mansoura,3,278.55
ORD00164,03/02/2024,C036,P008,Desk Lamp,Alexandria,10,399.65
ORD00401,18/06/2024,C018,P007,Gel Pen Pack,Giza,3,310.62
ORD00249,08-18-2024,C026,P007,Gel Pen Pack,Cairo,10,-399.15
ORD00165,2024-11-24,C037,P007,Gel Pen Pack,Cairo,3,437.99
ORD00741,24/01/2025,C009,P010,Monitor Stand,Alexandria,9,291.86
ORD01082,2025-01-10,C028,P008,Desk Lamp,Giza,8,319.55
ORD00891,2024-08-12,,P009,Webcam HD,Cairo,8,300.48
ORD00421,11-29-2024,C027,P006,Notebook Set,Giza,2,82.33
ORD00061,13/07/2024,C016,P008,Desk Lamp,Mansoura,,280.49
ORD00069,15/10/2024,C037,P002,Mechanical Keyboard,Cairo,3,79.9
ORD00609,2024-11-17,C032,P003,USB-C Hub,Alexandria,4,241.5
ORD01177,26/05/2024,C015,P007,Gel Pen Pack,,8,344.22
ORD00975,20/11/2024,,P002,Mechanical Keyboard,Mansoura,7,402.03
ORD00320,26/08/2024,C012,P006,Notebook Set,Mansoura,1,129.53
ORD00570,2024-12-22,C025,P003,USB-C Hub,Aswan,3,404.76
ORD00258,02-22-2024,C029,P001,Wireless Mouse,Aswan,4,445.55
ORD00077,28/07/2024,C028,P010,Monitor Stand,Mansoura,2,219.45
ORD00815,25/02/2024,C011,P002,Mechanical Keyboard,Alexandria,1,195.82
ORD00916,2024-08-06,C039,P007,Gel Pen Pack,Alexandria,2,77.43
ORD01100,03-26-2024,C020,P001,Wireless Mouse,Mansoura,7,111.27
ORD00330,13/06/2024,C009,P004,Office Chair,Giza,8,351.7
ORD00480,17/08/2024,C036,P007,Gel Pen Pack,,,433.32
ORD00813,2024-01-03,C025,P002,Mechanical Keyboard,Giza,8,37.8
ORD00432,2024-09-03,C030,P006,Notebook Set,Mansoura,10,389.98
ORD00535,17/04/2024,C002,P005,Standing Desk,Aswan,5,292.9
ORD00909,05-17-2024,C017,P009,Webcam HD,Giza,4,143.92
ORD01026,14/01/2025,C004,P009,Webcam HD,Alexandria,9,77.71
ORD01030,02/09/2024,C011,P004,Office Chair,Aswan,9,102.15
ORD00973,2024-10-23,C006,P005,Standing Desk,Alexandria,1,292.7
ORD00286,2024-07-24,C012,P001,Wireless Mouse,Alexandria,9,441.92
ORD01127,05-08-2024,C036,P007,Gel Pen Pack,Mansoura,8,317.37
ORD00999,2024-07-23,C029,P007,Gel Pen Pack,Aswan,9,103.31
ORD00625,2024-01-02,C036,P008,Desk Lamp,Mansoura,4,26.68
ORD01013,08-18-2024,C007,P007,Gel Pen Pack,Giza,9,406.16
ORD00776,04-12-2024,C004,P009,Webcam HD,Mansoura,6,100.0
ORD00780,2024-01-16,C013,P008,Desk Lamp,Aswan,6,34.1
ORD00634,2024-06-04,C039,P008,Desk Lamp,Aswan,6,89.91
ORD00749,01-20-2025,C025,P005,Standing Desk,Cairo,1,103.11
ORD00651,01/01/2025,C011,P005,Standing Desk,Mansoura,7,73.5
ORD00170,03/06/2024,C032,P001,Wireless Mouse,Aswan,5,294.23
ORD00831,2024-01-20,C032,P007,Gel Pen Pack,Giza,10,45.99
ORD00163,2024-04-12,C024,P003,USB-C Hub,Aswan,4,67.79
ORD00788,10/07/2024,C025,P007,Gel Pen Pack,Aswan,3,421.94
ORD00171,14/04/2024,C011,P001,Wireless Mouse,Mansoura,7,225.65
ORD01004,02-03-2024,C004,P002,Mechanical Keyboard,Cairo,10,130.79
ORD01005,20/12/2024,C026,P007,Gel Pen Pack,Cairo,4,334.26
ORD00807,2024-07-07,C032,P004,Office Chair,Mansoura,9,67.74
ORD00372,25/02/2024,C014,P007,Gel Pen Pack,Mansoura,4,326.8
ORD00546,06-15-2024,C032,P010,Monitor Stand,Cairo,10,274.29
ORD01153,2024-11-07,C023,P002,Mechanical Keyboard,Mansoura,10,26.7
ORD00834,02-17-2024,C038,P010,Monitor Stand,Alexandria,1,65.78
ORD00544,2024-10-07,C038,P007,Gel Pen Pack,Mansoura,4,285.08
ORD00577,23/08/2024,C024,P002,Mechanical Keyboard,Aswan,6,50.0
ORD00870,22/09/2024,C028,P003,USB-C Hub,Cairo,4,145.76
ORD00616,06-18-2024,C010,P006,Notebook Set,Cairo,9,439.39
ORD01182,2024-05-03,C030,P008,Desk Lamp,Alexandria,10,207.99
ORD00363,02/02/2024,C032,P008,Desk Lamp,Cairo,7,-206.7
ORD00969,2024-08-11,C012,P007,Gel Pen Pack,Mansoura,6,240.02
ORD01039,11-22-2024,C007,P006,Notebook Set,Mansoura,7,72.95
ORD01119,03/01/2024,C010,P003,USB-C Hub,Mansoura,2,447.09
ORD00146,03-17-2024,C006,P001,Wireless Mouse,Cairo,5,108.81
ORD00200,2024-09-15,C037,P002,Mechanical Keyboard,Cairo,1,375.52
ORD00524,2024-05-28,C032,P008,Desk Lamp,Alexandria,,116.23
ORD00582,26/01/2024,C016,P001,Wireless Mouse,Alexandria,1,89.93
ORD00752,2024-03-27,C014,P009,Webcam HD,Alexandria,6,250.09
ORD00517,2024-11-03,C030,P008,Desk Lamp,Mansoura,8,49.54
ORD00789,14/11/2024,C015,P006,Notebook Set,Aswan,1,217.39
ORD00567,12-12-2024,,P008,Desk Lamp,,4,241.18
ORD00447,2024-02-06,C027,P006,Notebook Set,Aswan,10,191.08
ORD00464,22/11/2024,C036,P001,Wireless Mouse,Aswan,2,125.19
ORD00315,17/02/2024,C011,P007,Gel Pen Pack,Cairo,9,424.7
ORD00356,07/10/2024,C023,P004,Office Chair,Mansoura,5,84.76
ORD00703,2024-10-26,C030,P002,Mechanical Keyboard,Aswan,5,-169.62
ORD00303,2024-03-22,C034,P008,Desk Lamp,Giza,10,449.83
ORD00564,01-20-2025,C026,P008,Desk Lamp,Mansoura,5,222.18
ORD01006,12-24-2024,C019,P010,Monitor Stand,Cairo,2,95.51
ORD01165,11-22-2024,C025,P002,Mechanical Keyboard,Aswan,2,161.93
ORD01183,2024-02-05,C011,P006,Notebook Set,Alexandria,8,329.09
ORD00233,2024-01-14,C036,P008,Desk Lamp,Aswan,9,192.5
ORD00097,07-06-2024,C012,P007,Gel Pen Pack,Alexandria,3,357.13
ORD00130,2024-09-16,C020,P008,Desk Lamp,Giza,10,39.43
ORD00557,28/01/2024,C005,P008,Desk Lamp,Aswan,10,-150.94
ORD01114,09/02/2024,C036,P009,Webcam HD,Cairo,2,-200.18
ORD01094,18/12/2024,C040,P009,Webcam HD,Alexandria,3,31.88
ORD00362,2024-11-09,C012,P008,Desk Lamp,Aswan,7,353.94
ORD00862,19/02/2024,C025,P003,USB-C Hub,Mansoura,3,417.8
ORD00065,2024-06-10,C017,P005,Standing Desk,Alexandria,2,328.76
ORD00730,06-04-2024,C038,P009,Webcam HD,Giza,4,377.02
ORD00871,2024-12-18,C023,P009,Webcam HD,Aswan,9,237.11
ORD00351,2024-07-25,C023,P008,Desk Lamp,Alexandria,3,427.42
ORD00771,08-07-2024,C001,P010,Monitor Stand,Mansoura,7,216.93
ORD00802,21/10/2024,C020,P004,Office Chair,Mansoura,8,84.07
ORD00680,08-07-2024,C017,P004,Office Chair,Alexandria,1,189.45
ORD00933,21/06/2024,C034,P003,USB-C Hub,Giza,8,194.01
ORD00563,10/01/2025,C016,P007,Gel Pen Pack,Mansoura,3,106.72
ORD00500,06-08-2024,C027,P004,Office Chair,Alexandria,10,81.45
ORD00350,11-01-2024,C020,P001,Wireless Mouse,Giza,8,331.61
ORD00996,05-04-2024,C019,P005,Standing Desk,Cairo,6,257.95
ORD00191,30/03/2024,C015,P010,Monitor Stand,Aswan,1,412.25
ORD00723,11/03/2024,C010,P004,Office Chair,Aswan,7,357.44
ORD00346,06/09/2024,C010,P008,Desk Lamp,,3,353.84
ORD00527,10/12/2024,C012,P001,Wireless Mouse,Alexandria,6,377.71
ORD01106,2024-03-18,C002,P007,Gel Pen Pack,Cairo,9,278.12
ORD01162,2024-11-21,C027,P006,Notebook Set,Cairo,8,156.22
ORD00121,04-20-2024,C032,P007,Gel Pen Pack,Aswan,8,195.17
ORD00940,07-22-2024,C020,P002,Mechanical Keyboard,Cairo,6,341.98
ORD00559,2024-10-20,C017,P010,Monitor Stand,Cairo,8,266.49
ORD00270,2025-01-09,C031,P003,USB-C Hub,Cairo,4,181.64
ORD00852,29/02/2024,C036,P007,Gel Pen Pack,Mansoura,4,112.24
ORD00465,05-21-2024,,P002,Mechanical Keyboard,Mansoura,6,21.55
ORD00220,10-04-2024,C009,P003,USB-C Hub,Aswan,8,95.06
ORD00463,16/04/2024,C030,P004,Office Chair,Cairo,9,304.71
ORD00416,09-15-2024,C007,P003,USB-C Hub,Cairo,4,242.38
ORD01015,09-12-2024,C023,P010,Monitor Stand,Giza,2,436.72
ORD00644,21/07/2024,C029,P007,Gel Pen Pack,Aswan,2,66.86
ORD00193,27/08/2024,C034,P009,Webcam HD,Mansoura,3,385.21
ORD00353,29/02/2024,C004,P010,Monitor Stand,Cairo,1,35.98
ORD00496,09-05-2024,C025,P004,Office Chair,Aswan,2,408.18
ORD00493,24/09/2024,C014,P006,Notebook Set,Aswan,4,103.65
ORD00586,2024-02-11,C025,P010,Monitor Stand,Alexandria,,397.64
ORD01167,11/08/2024,C037,P006,Notebook Set,Mansoura,4,345.91
ORD00809,02-28-2024,C013,P007,Gel Pen Pack,Mansoura,1,19.67
ORD00407,2024-01-24,C024,P009,Webcam HD,Mansoura,8,414.29
ORD00166,2024-01-29,C038,P009,Webcam HD,Alexandria,3,203.19
ORD00244,01-17-2025,C001,P002,Mechanical Keyboard,Cairo,5,111.57
ORD00035,20/01/2024,C018,P004,Office Chair,Alexandria,2,181.41
ORD00650,10/06/2024,C003,P001,Wireless Mouse,Mansoura,2,181.88
ORD00792,2024-11-05,C017,P006,Notebook Set,Giza,5,97.93
ORD00015,01-24-2025,C006,P010,Monitor Stand,Cairo,8,369.97
ORD00187,2024-12-31,C023,P007,Gel Pen Pack,Alexandria,5,33.3
ORD00203,05/02/2024,C005,P006,Notebook Set,Aswan,1,421.54
ORD00050,29/06/2024,C002,P010,Monitor Stand,Aswan,7,222.49
ORD00648,2024-06-16,C002,P008,Desk Lamp,Alexandria,7,277.99
ORD00395,01-08-2025,C019,P009,Webcam HD,Alexandria,5,309.62
ORD01081,2025-01-04,C038,P006,Notebook Set,Aswan,10,61.88
ORD00755,04-17-2024,C009,P002,Mechanical Keyboard,Aswan,5,397.05
ORD00594,08/11/2024,C032,P010,Monitor Stand,Cairo,7,78.05
ORD00149,10-05-2024,C034,P002,Mechanical Keyboard,Giza,2,429.73
ORD00678,12-17-2024,C029,P006,Notebook Set,Mansoura,3,128.4
ORD00384,2024-11-01,C010,P008,Desk Lamp,Cairo,3,418.95
ORD00433,01-05-2024,C021,P004,Office Chair,Mansoura,6,239.68
ORD01009,2024-03-26,C037,P001,Wireless Mouse,Giza,4,243.49
ORD00564,01-20-2025,C026,P008,Desk Lamp,Mansoura,5,222.18
ORD00274,04-06-2024,C020,P001,Wireless Mouse,Alexandria,9,279.01
ORD00592,04-30-2024,C032,P001,Wireless Mouse,Aswan,2,45.82
ORD00530,04-05-2024,C035,P007,Gel Pen Pack,Alexandria,10,278.47
ORD00533,02-20-2024,C034,P008,Desk Lamp,Giza,6,77.33
ORD00965,28/06/2024,C008,P007,Gel Pen Pack,Alexandria,8,428.49
ORD00804,21/08/2024,C003,P010,Monitor Stand,Cairo,5,296.14
ORD00474,11-06-2024,C038,P010,Monitor Stand,Giza,1,174.36
ORD00728,02/10/2024,C026,P006,Notebook Set,Alexandria,5,51.66
ORD00337,21/04/2024,C028,P005,Standing Desk,Mansoura,6,214.66
ORD01035,09-16-2024,C031,P007,Gel Pen Pack,Aswan,3,265.58
ORD01118,2025-01-03,C030,P008,Desk Lamp,Alexandria,6,418.28
ORD00904,2025-01-24,C040,P009,Webcam HD,Giza,5,330.53
ORD00190,22/01/2025,C027,P003,USB-C Hub,Mansoura,8,297.98
ORD00257,2024-10-20,C037,P008,Desk Lamp,Mansoura,9,237.2
ORD00232,06/06/2024,C024,P006,Notebook Set,Cairo,2,17.26
ORD00256,2025-01-24,C011,P008,Desk Lamp,Cairo,10,28.42
ORD00108,03-05-2024,C021,P010,Monitor Stand,Cairo,3,130.43
ORD01009,2024-03-26,C037,P001,Wireless Mouse,Giza,4,243.49
ORD00290,23/09/2024,C006,P005,Standing Desk,Cairo,4,405.32
ORD00856,2024-12-18,C039,P001,Wireless Mouse,Giza,5,233.53
ORD00735,21/11/2024,C034,P009,Webcam HD,Mansoura,5,269.17
ORD00098,2024-02-08,C019,P008,Desk Lamp,Giza,2,218.72
ORD01011,09-22-2024,C039,P009,Webcam HD,Mansoura,2,132.42
ORD00085,01/02/2025,C013,P006,Notebook Set,Alexandria,10,181.59
ORD00676,2024-11-24,C002,P008,Desk Lamp,Cairo,,289.12
ORD01063,19/10/2024,C006,P005,Standing Desk,Alexandria,9,143.68
ORD00147,11-23-2024,C020,P004,Office Chair,Cairo,1,118.72
ORD00133,12/08/2024,C033,P002,Mechanical Keyboard,Alexandria,1,122.77
ORD00528,07-30-2024,C035,P008,Desk Lamp,Giza,8,356.04
ORD00225,09/10/2024,C003,P002,Mechanical Keyboard,Cairo,7,-179.98
ORD00129,15/11/2024,C038,P010,Monitor Stand,Mansoura,10,294.7
ORD00201,18/09/2024,C014,P002,Mechanical Keyboard,Aswan,8,54.56
ORD00585,2024-08-12,C027,P003,USB-C Hub,Alexandria,6,255.73
ORD00767,2024-05-06,C002,P007,Gel Pen Pack,Aswan,6,380.62
ORD00505,28/11/2024,C009,P008,Desk Lamp,Aswan,10,218.91
ORD00937,07-09-2024,C021,P008,Desk Lamp,Mansoura,7,86.7
ORD01078,2024-11-19,C027,P007,Gel Pen Pack,Aswan,3,265.57
ORD00734,07/03/2024,C027,P007,Gel Pen Pack,Cairo,2,42.05
ORD00866,25/12/2024,C012,P010,Monitor Stand,Mansoura,8,449.98
ORD00629,09-28-2024,C027,P006,Notebook Set,Giza,1,141.09
ORD01054,11/01/2025,C017,P002,Mechanical Keyboard,Aswan,4,230.29
ORD00839,28/07/2024,C012,P001,Wireless Mouse,Alexandria,5,442.58
ORD00673,10/05/2024,C025,P008,Desk Lamp,Cairo,7,418.47
ORD00331,2024-09-20,C032,P007,Gel Pen Pack,Aswan,6,372.14
ORD00894,2024-01-11,C025,P009,Webcam HD,Alexandria,2,431.59
ORD00264,01-31-2025,C032,P008,Desk Lamp,Giza,10,16.08
ORD00481,19/04/2024,C020,P003,USB-C Hub,Cairo,,443.21
ORD00929,09/01/2024,C024,P004,Office Chair,Cairo,4,447.35
ORD00319,04/12/2024,C020,P002,Mechanical Keyboard,Mansoura,8,227.76
ORD00001,2025-01-12,C002,P002,Mechanical Keyboard,Giza,4,112.1
ORD00653,2024-01-24,C019,P006,Notebook Set,Giza,1,27.24
ORD00618,17/02/2024,C026,P001,Wireless Mouse,Aswan,4,209.0
ORD01066,21/05/2024,C029,P002,Mechanical Keyboard,Alexandria,5,348.2
ORD00986,2024-06-12,C037,P002,Mechanical Keyboard,Mansoura,7,153.24
ORD00550,13/10/2024,C024,P001,Wireless Mouse,Aswan,1,15.37
ORD01091,2024-06-10,C030,P005,Standing Desk,Aswan,2,322.46
ORD00476,2024-02-19,C020,P002,Mechanical Keyboard,Cairo,4,432.86
ORD00488,07-23-2024,C004,P010,Monitor Stand,Aswan,7,129.21
ORD00116,10-22-2024,C019,P001,Wireless Mouse,Aswan,5,167.97
ORD00068,27/01/2024,C031,P005,Standing Desk,Mansoura,8,163.21
ORD00874,09-18-2024,C013,P005,Standing Desk,Giza,10,300.93
ORD01134,06/12/2024,C011,P006,Notebook Set,Aswan,6,239.61
ORD00229,2024-04-28,C033,P002,Mechanical Keyboard,Giza,1,57.49
ORD00358,2024-02-21,C030,P004,Office Chair,Giza,5,216.96
ORD00016,10-03-2024,C034,P005,Standing Desk,Aswan,7,434.5
ORD01053,05/05/2024,C003,P005,Standing Desk,Giza,6,277.05
ORD00977,01-12-2024,C008,P005,Standing Desk,Alexandria,10,27.86
ORD00174,16/02/2024,C030,P009,Webcam HD,Mansoura,5,231.36
ORD00538,06/08/2024,C004,P008,Desk Lamp,Cairo,7,38.4
ORD01098,2024-09-16,C027,P010,Monitor Stand,Alexandria,1,141.55
ORD01111,13/03/2024,C014,P003,USB-C Hub,Mansoura,10,123.74
ORD00888,2024-09-06,C033,P005,Standing Desk,Cairo,8,403.23
ORD01027,2024-02-28,C001,P005,Standing Desk,Mansoura,,314.18
ORD00553,31/07/2024,C028,P008,Desk Lamp,Alexandria,2,74.69
ORD01085,01-22-2024,C025,P006,Notebook Set,Giza,3,429.78
ORD00418,12-23-2024,C034,P007,Gel Pen Pack,Mansoura,6,395.55
ORD00148,29/05/2024,C033,P001,Wireless Mouse,Aswan,,327.57
ORD00753,2024-03-26,C030,P001,Wireless Mouse,Aswan,5,299.08
ORD00036,2024-05-22,C015,P004,Office Chair,Cairo,4,188.33
ORD00979,10/09/2024,C036,P006,Notebook Set,Giza,8,339.16
ORD00850,06/12/2024,C025,P006,Notebook Set,Giza,4,327.84
ORD00340,12/05/2024,C009,P006,Notebook Set,Cairo,8,448.9
ORD00981,2024-11-14,C028,P008,Desk Lamp,Aswan,5,369.91
ORD00803,2024-11-05,C010,P001,Wireless Mouse,Mansoura,2,373.69
ORD00030,2024-01-27,C017,P004,Office Chair,Aswan,8,124.24
ORD01138,12-14-2024,C030,P006,Notebook Set,Cairo,4,148.89
ORD00637,04-15-2024,C001,P005,Standing Desk,Cairo,2,415.24
ORD00272,2024-02-21,C040,P007,Gel Pen Pack,Mansoura,4,52.71
ORD00383,05-22-2024,C033,P003,USB-C Hub,,7,32.68
ORD00641,2024-09-23,C008,P007,Gel Pen Pack,Giza,2,217.67
ORD00414,2024-03-28,C029,P004,Office Chair,Aswan,8,392.28
ORD00314,18/01/2024,C015,P010,Monitor Stand,Alexandria,,47.06
ORD00209,10/12/2024,C037,P004,Office Chair,Giza,10,275.09
ORD00510,26/05/2024,C029,P005,Standing Desk,Mansoura,5,351.55
ORD00031,08-06-2024,C017,P003,USB-C Hub,Alexandria,,254.98
ORD01054,11/01/2025,C017,P002,Mechanical Keyboard,Aswan,4,230.29
ORD01169,29/12/2024,C021,P010,Monitor Stand,Cairo,4,112.8
ORD00113,20/08/2024,C028,P004,Office Chair,Mansoura,4,195.01
ORD00374,2024-03-06,C033,P008,Desk Lamp,Alexandria,10,90.54
ORD01023,2024-07-10,C040,P003,USB-C Hub,Giza,4,267.44
ORD00685,27/01/2024,C017,P010,Monitor Stand,Cairo,2,257.29
ORD00910,01-27-2024,C018,P003,USB-C Hub,Alexandria,5,394.92
ORD00829,06/11/2024,C020,P008,Desk Lamp,Mansoura,5,178.19
ORD01179,11-02-2024,C040,P003,USB-C Hub,Aswan,9,449.53
ORD00156,05/06/2024,C007,P006,Notebook Set,Cairo,6,302.5
ORD00893,09-10-2024,C018,P008,Desk Lamp,Cairo,7,227.74
ORD00179,09/11/2024,C010,P008,Desk Lamp,Aswan,9,75.8
ORD00177,2024-03-01,C036,P008,Desk Lamp,Giza,10,310.97
ORD00430,30/03/2024,C030,P004,Office Chair,Mansoura,10,17.02
ORD00162,10-08-2024,C006,P008,Desk Lamp,Giza,6,323.65
ORD00844,05-23-2024,C002,P003,USB-C Hub,Aswan,2,393.02
ORD00425,02/02/2024,C010,P002,Mechanical Keyboard,Mansoura,10,204.39
ORD00633,2024-02-29,C008,P009,Webcam HD,Mansoura,8,413.47
ORD00381,04-13-2024,C036,P006,Notebook Set,Cairo,1,338.5
ORD00301,02-04-2025,C016,P009,Webcam HD,Aswan,1,445.39
ORD01051,24/06/2024,C008,P008,Desk Lamp,,6,168.03
ORD00976,26/06/2024,,P010,Monitor Stand,Cairo,2,439.52
ORD00952,06-24-2024,C013,P007,Gel Pen Pack,Mansoura,6,43.05
ORD00822,2024-11-25,C029,P010,Monitor Stand,Giza,3,135.99
ORD00611,12-06-2024,C038,P007,Gel Pen Pack,Giza,6,226.47
ORD00063,08/09/2024,C036,P008,Desk Lamp,Alexandria,8,295.97
ORD01159,07-15-2024,C008,P006,Notebook Set,Alexandria,7,-246.29
ORD00781,31/03/2024,C036,P006,Notebook Set,Alexandria,3,100.25
ORD00482,2024-03-20,C033,P009,Webcam HD,Aswan,10,417.78
ORD00712,22/10/2024,C015,P008,Desk Lamp,Cairo,9,23.27
ORD00144,07-21-2024,C029,P004,Office Chair,Giza,1,195.48
ORD00160,05/04/2024,C018,P006,Notebook Set,Alexandria,2,26.27
ORD00532,08-15-2024,C024,P002,Mechanical Keyboard,Cairo,,412.31
ORD00132,2024-03-18,C013,P010,Monitor Stand,Giza,10,221.9
ORD00010,03-11-2024,C026,P010,Monitor Stand,Giza,4,448.84
ORD01068,06-29-2024,C004,P004,Office Chair,Giza,5,22.01
ORD00182,13/11/2024,C031,P010,Monitor Stand,Alexandria,9,288.63
ORD00255,09-15-2024,C009,P008,Desk Lamp,Alexandria,7,434.27
ORD00868,2024-12-21,C014,P002,Mechanical Keyboard,Cairo,,389.97
ORD00145,26/05/2024,C007,P006,Notebook Set,Giza,3,74.86
ORD00047,2025-01-19,C029,P009,Webcam HD,Alexandria,8,210.78
ORD00332,2024-04-12,C037,P009,Webcam HD,Cairo,3,98.85
ORD00663,02-02-2024,C028,P005,Standing Desk,Mansoura,6,389.18
ORD00748,2024-12-31,C004,P003,USB-C Hub,Aswan,6,93.93
ORD00282,2024-03-01,C024,P003,USB-C Hub,Alexandria,5,333.83
ORD00932,2024-02-09,C010,P001,Wireless Mouse,Giza,3,49.36
ORD00483,02-17-2024,C016,P010,Monitor Stand,Alexandria,5,367.82
ORD00897,10-29-2024,C033,P002,Mechanical Keyboard,Aswan,3,97.07
ORD00400,10/06/2024,C038,P005,Standing Desk,Alexandria,10,261.58
ORD00830,10/07/2024,C001,P004,Office Chair,Cairo,9,332.71
ORD01152,16/06/2024,C009,P007,Gel Pen Pack,Giza,3,188.95
ORD01137,10-29-2024,C006,P002,Mechanical Keyboard,Alexandria,2,95.76
ORD00087,2024-03-20,C001,P008,Desk Lamp,Alexandria,7,393.86
ORD00719,12/08/2024,C039,P009,Webcam HD,Cairo,1,418.08
ORD00235,17/05/2024,C025,P003,USB-C Hub,Alexandria,3,131.98
ORD00308,21/06/2024,C005,P006,Notebook Set,Giza,7,269.92
ORD01149,01-01-2024,C023,P003,USB-C Hub,Mansoura,7,86.92
ORD00869,2025-01-20,C014,P010,Monitor Stand,Alexandria,2,259.69
ORD00445,10-21-2024,C008,P007,Gel Pen Pack,Giza,10,101.55
ORD00067,2024-12-23,C018,P003,USB-C Hub,,1,255.71
ORD00857,2024-06-19,C032,P004,Office Chair,Giza,7,40.58
ORD00318,2024-02-19,C006,P007,Gel Pen Pack,Giza,10,223.94
ORD00370,06-30-2024,C008,P008,Desk Lamp,Cairo,4,15.96
ORD00992,2024-10-02,C006,P003,USB-C Hub,Alexandria,6,370.02
ORD00103,2024-05-23,C007,P007,Gel Pen Pack,Mansoura,10,192.53
ORD00879,06/03/2024,C036,P009,Webcam HD,Aswan,,222.43
ORD01110,25/11/2024,C029,P004,Office Chair,Giza,8,259.97
ORD01198,2024-04-26,C009,P002,Mechanical Keyboard,Aswan,5,41.48
ORD00229,2024-04-28,C033,P002,Mechanical Keyboard,Giza,1,57.49
ORD00966,03/12/2024,C024,P001,Wireless Mouse,Alexandria,9,138.37
ORD00008,24/07/2024,C004,P006,Notebook Set,Alexandria,1,365.19
ORD00017,2024-04-25,C029,P006,Notebook Set,Aswan,8,67.64
ORD00468,07-02-2024,C029,P006,Notebook Set,Alexandria,1,314.82
ORD01126,2024-11-05,C020,P006,Notebook Set,Aswan,6,245.85
ORD00521,03-03-2024,C036,P007,Gel Pen Pack,Cairo,5,219.81
ORD00262,30/12/2024,C018,P001,Wireless Mouse,Alexandria,3,123.61
ORD00490,2024-06-27,C006,P010,Monitor Stand,Cairo,7,199.24
ORD00369,20/08/2024,C022,P008,Desk Lamp,Giza,1,370.22
ORD00520,2024-01-19,C012,P009,Webcam HD,Mansoura,10,171.68
ORD00819,07/12/2024,C022,P003,USB-C Hub,Alexandria,6,-440.44
ORD00093,2024-06-03,C020,P010,Monitor Stand,Mansoura,5,213.72
ORD00216,24/05/2024,C026,P004,Office Chair,Alexandria,9,154.9
ORD00196,06-03-2024,C016,P007,Gel Pen Pack,Mansoura,5,-430.01
ORD00426,2024-11-01,C040,P007,Gel Pen Pack,Aswan,5,324.55
ORD01062,08-27-2024,C034,P010,Monitor Stand,Giza,3,432.73
ORD00768,2025-01-26,C016,P009,Webcam HD,Cairo,10,284.51
ORD01150,03-19-2024,,P004,Office Chair,Mansoura,2,330.0
ORD00620,07/12/2024,C039,P006,Notebook Set,Aswan,9,425.38
ORD00759,2024-07-08,C025,P006,Notebook Set,Alexandria,1,69.27
ORD00501,2024-09-25,C013,P009,Webcam HD,Alexandria,5,314.51
ORD01077,2024-12-06,C035,P003,USB-C Hub,Alexandria,7,308.24
ORD00215,03-01-2024,C001,P005,Standing Desk,Alexandria,4,433.5
ORD00775,01-05-2024,C039,P005,Standing Desk,Giza,5,175.44
ORD00167,2024-05-08,C023,P004,Office Chair,Aswan,5,382.98
ORD00125,2024-06-15,C019,P007,Gel Pen Pack,Cairo,7,24.07
ORD00529,18/06/2024,C035,P009,Webcam HD,Cairo,4,266.17
ORD01090,02-10-2024,C009,P002,Mechanical Keyboard,Giza,2,436.27
ORD00593,05-01-2024,C015,P006,Notebook Set,Cairo,6,114.09
ORD01161,06-21-2024,C004,P006,Notebook Set,Aswan,6,124.76
ORD00519,2024-04-01,C006,P006,Notebook Set,Cairo,2,196.38
ORD01060,06-23-2024,C017,P006,Notebook Set,Aswan,4,344.4
ORD00096,01-18-2024,C007,P003,USB-C Hub,Cairo,5,358.05
ORD00128,03-19-2024,C010,P002,Mechanical Keyboard,Giza,4,90.47
ORD00835,06/08/2024,C034,P002,Mechanical Keyboard,Alexandria,7,87.13
ORD00605,01-12-2025,C016,P006,Notebook Set,Aswan,2,297.33
ORD00974,2024-07-04,C012,P005,Standing Desk,Cairo,2,230.0
ORD00790,29/04/2024,C018,P006,Notebook Set,Mansoura,1,93.11
ORD01200,02-27-2024,C037,P005,Standing Desk,Cairo,10,201.94
ORD00204,12/07/2024,C024,P007,Gel Pen Pack,Mansoura,8,393.28
ORD01146,13/12/2024,C017,P004,Office Chair,Giza,10,161.98
ORD00450,2024-09-25,C036,P008,Desk Lamp,Cairo,1,350.36
ORD00458,2024-02-05,C035,P005,Standing Desk,Giza,7,96.78
ORD00051,11/08/2024,C039,P009,Webcam HD,Alexandria,,110.45
ORD00390,2024-11-18,C035,P009,Webcam HD,Cairo,2,106.69
ORD01003,22/09/2024,C039,P003,USB-C Hub,Giza,9,279.24
ORD00758,09/12/2024,C035,P007,Gel Pen Pack,Cairo,2,249.31
ORD01036,01-16-2024,C038,P006,Notebook Set,Aswan,7,44.39
ORD00762,2024-10-28,C037,P004,Office Chair,Aswan,10,91.36
ORD00889,21/02/2024,C023,P001,Wireless Mouse,Alexandria,7,169.22
ORD00455,08/09/2024,C031,P005,Standing Desk,Aswan,1,314.18
ORD01021,2024-08-11,C035,P008,Desk Lamp,Alexandria,7,355.35
ORD00385,06-11-2024,C036,P010,Monitor Stand,Giza,2,356.05
ORD01186,05-14-2024,C028,P008,Desk Lamp,Cairo,2,78.5
ORD01168,2024-07-27,C026,P010,Monitor Stand,Alexandria,,133.62
ORD00127,09/04/2024,C005,P003,USB-C Hub,Aswan,2,245.81
ORD00451,08-14-2024,C020,P007,Gel Pen Pack,Alexandria,4,335.85
ORD01018,2025-01-10,C010,P009,Webcam HD,Cairo,5,77.05
ORD00921,16/03/2024,C015,P001,Wireless Mouse,Cairo,4,200.8
ORD00899,08-06-2024,C022,P004,Office Chair,Mansoura,8,41.69
ORD00141,19/10/2024,C020,P004,Office Chair,Mansoura,4,175.01
ORD00028,10-05-2024,C016,P002,Mechanical Keyboard,Giza,5,83.62
ORD00364,12-18-2024,C037,P010,Monitor Stand,Alexandria,6,240.81
ORD00791,2024-02-20,C035,P009,Webcam HD,Cairo,5,418.07
ORD01039,11-22-2024,C007,P006,Notebook Set,Mansoura,7,72.95
ORD00942,02-10-2024,C019,P001,Wireless Mouse,Alexandria,3,311.83
ORD00959,2024-10-23,C029,P001,Wireless Mouse,Alexandria,8,292.93
ORD00239,20/07/2024,C037,P008,Desk Lamp,Alexandria,6,178.58
ORD00278,2024-05-22,C006,P007,Gel Pen Pack,Aswan,9,282.98
ORD00435,2024-05-15,C032,P004,Office Chair,Alexandria,4,334.91
ORD00168,2024-10-24,C006,P009,Webcam HD,Aswan,3,272.44
ORD01113,06/10/2024,C018,P001,Wireless Mouse,Alexandria,9,360.69
ORD00207,2024-01-09,C003,P002,Mechanical Keyboard,Mansoura,10,348.23
ORD00214,10-27-2024,C003,P010,Monitor Stand,Cairo,4,365.02
ORD00674,2024-05-20,C029,P003,USB-C Hub,Giza,7,358.35
ORD00236,09-10-2024,C024,P002,Mechanical Keyboard,,4,328.59
ORD00951,2024-08-26,C023,P002,Mechanical Keyboard,Mansoura,8,294.48
ORD00323,2024-08-17,C040,P010,Monitor Stand,Alexandria,2,427.93
ORD00892,21/07/2024,C008,P004,Office Chair,Alexandria,5,32.51
ORD00336,2024-01-05,C031,P001,Wireless Mouse,Alexandria,3,276.5
ORD00071,2024-02-11,C007,P010,Monitor Stand,Alexandria,4,130.12
ORD00978,01-07-2025,C002,P004,Office Chair,Giza,3,110.6
ORD00357,2024-03-17,C006,P001,Wireless Mouse,Cairo,10,306.02
ORD00554,15/07/2024,,P008,Desk Lamp,Mansoura,9,371.73
ORD00131,08-24-2024,C006,P002,Mechanical Keyboard,Aswan,10,235.57
ORD01041,06/02/2024,C001,P003,USB-C Hub,Giza,7,262.21
ORD00041,01/01/2024,C040,P003,USB-C Hub,Aswan,5,191.64
ORD00865,10-27-2024,C008,P002,Mechanical Keyboard,Mansoura,9,112.85
ORD00968,25/11/2024,C016,P007,Gel Pen Pack,Aswan,7,98.81
ORD00617,02-27-2024,C010,P010,Monitor Stand,Aswan,8,162.33
ORD00547,11-26-2024,C007,P010,Monitor Stand,Aswan,7,157.42
ORD00027,2024-10-15,C005,P006,Notebook Set,Cairo,8,285.2
ORD00104,26/11/2024,C007,P006,Notebook Set,Giza,9,407.24
ORD00186,10-13-2024,C014,P005,Standing Desk,Mansoura,6,223.71
ORD00632,04-06-2024,C014,P002,Mechanical Keyboard,Alexandria,9,111.18
ORD00423,2024-12-03,C023,P010,Monitor Stand,Mansoura,3,386.92
ORD00304,2024-03-29,C015,P001,Wireless Mouse,Aswan,7,169.34
ORD00387,2024-11-28,C034,P010,Monitor Stand,Mansoura,9,373.3
ORD00313,09/09/2024,C029,P007,Gel Pen Pack,Mansoura,3,399.78
ORD00727,08-16-2024,C034,P005,Standing Desk,Aswan,3,319.63
ORD00411,02/09/2024,C027,P004,Office Chair,Giza,2,224.46
ORD00938,2024-02-24,C002,P006,Notebook Set,Alexandria,5,-85.8
ORD00669,19/04/2024,C028,P004,Office Chair,Alexandria,3,61.46
ORD00457,05-02-2024,C015,P007,Gel Pen Pack,Giza,2,198.67
ORD00002,01-14-2024,C006,P001,Wireless Mouse,Alexandria,4,234.83
ORD01112,14/01/2025,C004,P004,Office Chair,Mansoura,5,194.16
ORD00875,03-04-2024,C002,P007,Gel Pen Pack,Aswan,4,48.72
ORD00661,22/10/2024,C012,P009,Webcam HD,Cairo,9,390.28
ORD00462,2024-12-31,C025,P005,Standing Desk,Cairo,2,438.95
ORD00018,2024-06-18,C004,P002,Mechanical Keyboard,Alexandria,2,408.86
ORD00039,06/12/2024,C035,P009,Webcam HD,Alexandria,6,202.61
ORD01133,05/10/2024,C004,P002,Mechanical Keyboard,,1,151.69
ORD00999,2024-07-23,C029,P007,Gel Pen Pack,Aswan,9,103.31
ORD00602,31/05/2024,C005,P001,Wireless Mouse,Mansoura,6,245.95
ORD00823,2024-10-03,C015,P001,Wireless Mouse,Giza,6,120.38
ORD00044,15/07/2024,C027,P008,Desk Lamp,Aswan,4,327.48
ORD00886,04/08/2024,C009,P006,Notebook Set,Aswan,6,429.33
ORD00930,09/10/2024,C024,P006,Notebook Set,Alexandria,5,215.27
ORD00696,24/05/2024,C009,P010,Monitor Stand,Alexandria,1,363.68
ORD00373,2024-09-12,C030,P008,Desk Lamp,Aswan,9,73.57
ORD01057,2024-08-20,C003,P003,USB-C Hub,Alexandria,,297.71
ORD00677,01-28-2025,C011,P002,Mechanical Keyboard,Alexandria,9,325.4
ORD00312,05-07-2024,C022,P002,Mechanical Keyboard,,1,130.37
ORD00925,18/07/2024,C001,P002,Mechanical Keyboard,Alexandria,3,154.31
ORD00954,01-12-2024,C028,P006,Notebook Set,Mansoura,4,38.52
ORD00568,16/12/2024,C001,P002,Mechanical Keyboard,Mansoura,2,243.49
ORD00883,06/01/2024,C019,P002,Mechanical Keyboard,Aswan,8,366.63
ORD00150,2024-07-01,C025,P001,Wireless Mouse,Giza,5,340.08
ORD00391,2024-06-18,C005,P007,Gel Pen Pack,Alexandria,1,214.76
ORD01093,02-15-2024,,P008,Desk Lamp,Alexandria,4,291.13
ORD00180,15/10/2024,C033,P006,Notebook Set,Aswan,9,-228.08
ORD01052,01-08-2024,C035,P007,Gel Pen Pack,Aswan,1,446.06
ORD00325,15/06/2024,,P002,Mechanical Keyboard,Mansoura,9,187.85
ORD00231,12/02/2024,C040,P002,Mechanical Keyboard,Giza,4,325.2
ORD00189,06-18-2024,C015,P009,Webcam HD,Alexandria,1,58.59
ORD00155,07/01/2025,C024,P008,Desk Lamp,Aswan,5,363.5
ORD00138,02-21-2024,C009,P004,Office Chair,Alexandria,2,143.67
ORD01176,12-06-2024,C018,P010,Monitor Stand,Giza,6,289.17
ORD00579,02-02-2024,C002,P004,Office Chair,Aswan,4,227.82
ORD01008,08-30-2024,C005,P005,Standing Desk,Alexandria,,273.39
ORD00670,2024-12-15,C008,P006,Notebook Set,Giza,9,199.34
ORD01033,12-27-2024,C033,P006,Notebook Set,Aswan,4,166.74
ORD00066,2024-02-21,C018,P008,Desk Lamp,Aswan,9,274.6
ORD00896,05-14-2024,C012,P009,Webcam HD,Alexandria,5,348.53
ORD00034,12/01/2025,C011,P004,Office Chair,Alexandria,7,25.78
ORD01197,07/11/2024,C015,P004,Office Chair,Mansoura,3,32.5
ORD01050,17/07/2024,C025,P010,Monitor Stand,Cairo,9,224.75
ORD00124,2024-08-23,C005,P006,Notebook Set,Mansoura,1,204.76
ORD00099,08/01/2024,C036,P007,Gel Pen Pack,Giza,2,358.95
ORD00997,27/08/2024,C004,P008,Desk Lamp,Alexandria,1,306.67
ORD01192,10-27-2024,C040,P008,Desk Lamp,Alexandria,6,295.08
ORD01151,08-29-2024,C031,P002,Mechanical Keyboard,Aswan,7,318.97
ORD00842,21/06/2024,C032,P005,Standing Desk,Mansoura,6,277.9
ORD00245,13/01/2024,C038,P008,Desk Lamp,Aswan,3,165.06
ORD01101,2025-01-04,C009,P006,Notebook Set,Aswan,9,23.67
ORD00048,30/04/2024,C018,P004,Office Chair,Mansoura,2,325.39
ORD00523,10-21-2024,C028,P005,Standing Desk,Aswan,6,127.95
ORD00531,01/05/2024,C018,P001,Wireless Mouse,Mansoura,2,231.22
ORD00408,07-11-2024,C017,P005,Standing Desk,Aswan,9,263.02
ORD00683,2024-05-14,C027,P003,USB-C Hub,Alexandria,1,141.23
ORD00742,21/07/2024,C040,P010,Monitor Stand,Mansoura,7,116.28
ORD00944,12-30-2024,C024,P005,Standing Desk,Aswan,7,32.41
ORD00467,2024-02-24,C004,P001,Wireless Mouse,Giza,3,320.08
ORD00960,04-07-2024,C039,P003,USB-C Hub,,4,-166.42
ORD00658,25/01/2024,C005,P008,Desk Lamp,Aswan,4,140.0
ORD00378,2024-09-24,C035,P007,Gel Pen Pack,Giza,,366.61
ORD00440,12/09/2024,C031,P005,Standing Desk,Aswan,6,174.18
ORD00914,06/01/2025,C026,P010,Monitor Stand,Alexandria,8,115.8
ORD00740,06-07-2024,C005,P006,Notebook Set,Cairo,7,224.31
ORD00643,08-31-2024,C019,P007,Gel Pen Pack,Mansoura,4,-387.7
ORD00140,01/05/2024,C003,P008,Desk Lamp,Mansoura,6,309.22
ORD00288,2024-07-28,C013,P008,Desk Lamp,Aswan,4,80.5
ORD00045,12-22-2024,C028,P002,Mechanical Keyboard,Alexandria,3,364.79
ORD00597,24/08/2024,C034,P007,Gel Pen Pack,Mansoura,,272.34
ORD01088,14/01/2024,C035,P001,Wireless Mouse,Aswan,4,17.9
ORD00534,12-17-2024,C008,P009,Webcam HD,Cairo,5,420.57
ORD00672,24/12/2024,C036,P005,Standing Desk,Mansoura,5,292.94
ORD00503,11-22-2024,C027,P006,Notebook Set,Mansoura,5,207.71
ORD01121,05/06/2024,C018,P004,Office Chair,Giza,7,269.24
ORD00181,05-15-2024,C038,P007,Gel Pen Pack,Giza,1,274.66
ORD00410,2024-05-23,C011,P008,Desk Lamp,Alexandria,2,238.83
ORD00613,12-28-2024,C035,P003,USB-C Hub,Giza,3,438.34
ORD00309,10/11/2024,C021,P008,Desk Lamp,Alexandria,9,316.7
ORD00311,2024-09-11,C040,P006,Notebook Set,Alexandria,10,60.29
ORD00848,12-10-2024,C009,P001,Wireless Mouse,Mansoura,2,146.09
ORD00665,2024-03-10,C028,P007,Gel Pen Pack,Cairo,4,84.32
ORD00152,2024-04-13,C009,P003,USB-C Hub,Cairo,8,31.09
ORD00276,10-06-2024,C009,P006,Notebook Set,Mansoura,10,198.08
ORD01181,2024-12-30,C024,P008,Desk Lamp,Alexandria,3,220.39
ORD00228,17/10/2024,C005,P007,Gel Pen Pack,Giza,3,260.32
ORD00583,2024-11-11,C007,P002,Mechanical Keyboard,Cairo,8,273.82
ORD00898,2024-02-16,C010,P004,Office Chair,Mansoura,1,283.16
ORD00757,01-05-2024,C001,P003,USB-C Hub,Aswan,8,16.86
ORD01102,2024-10-01,C005,P009,Webcam HD,Cairo,9,106.55
ORD00566,19/05/2024,C023,P009,Webcam HD,Mansoura,10,414.35
ORD00614,2024-04-04,C037,P006,Notebook Set,Alexandria,8,128.28
ORD00115,03/03/2024,C038,P001,Wireless Mouse,Aswan,9,158.4
ORD00208,2024-10-03,C016,P001,Wireless Mouse,Cairo,7,205.95
ORD00122,2024-11-02,C034,P008,Desk Lamp,Giza,,110.93
ORD00769,01/02/2024,C025,P001,Wireless Mouse,Giza,2,355.45
ORD00574,2024-01-01,C002,P008,Desk Lamp,Mansoura,3,299.0
ORD00512,10-29-2024,C021,P007,Gel Pen Pack,Mansoura,1,92.81
ORD00998,2024-12-01,C033,P009,Webcam HD,Giza,5,323.2
ORD00799,2024-10-10,C020,P008,Desk Lamp,Cairo,3,60.38
ORD00095,04-27-2024,C039,P001,Wireless Mouse,Mansoura,5,352.45
ORD00963,2024-02-23,C019,P007,Gel Pen Pack,Aswan,2,447.98
ORD00983,14/06/2024,C023,P009,Webcam HD,Mansoura,1,64.87
ORD01188,18/06/2024,C017,P004,Office Chair,Giza,5,314.8
ORD00329,04/06/2024,C018,P008,Desk Lamp,Giza,1,161.97
ORD00498,16/11/2024,C016,P005,Standing Desk,Aswan,5,368.17
ORD00153,2024-11-27,C035,P007,Gel Pen Pack,Mansoura,5,30.93
ORD00219,09-07-2024,C032,P004,Office Chair,Aswan,6,126.94
ORD01160,20/08/2024,C013,P005,Standing Desk,Aswan,10,331.52
ORD00902,10-28-2024,C022,P003,USB-C Hub,Giza,6,338.18
ORD01031,2024-08-05,C026,P005,Standing Desk,,,216.82
ORD00441,10-21-2024,C029,P005,Standing Desk,Alexandria,10,72.05
ORD00409,25/06/2024,,P005,Standing Desk,Alexandria,9,191.54
ORD01147,22/10/2024,C007,P009,Webcam HD,Mansoura,7,351.72
ORD01143,08-27-2024,C008,P001,Wireless Mouse,Aswan,3,221.72
ORD00668,03/03/2024,C017,P009,Webcam HD,Mansoura,2,118.56
ORD00784,01/10/2024,C003,P004,Office Chair,Aswan,10,97.26
ORD00876,25/04/2024,C022,P006,Notebook Set,Giza,,392.95
ORD00660,2024-06-09,C033,P005,Standing Desk,Giza,7,303.6
ORD00049,06-18-2024,C010,P007,Gel Pen Pack,Alexandria,2,195.47
ORD00765,29/09/2024,C015,P001,Wireless Mouse,Cairo,5,414.5
ORD00604,03-30-2024,C030,P006,Notebook Set,Aswan,1,174.02
ORD00525,06-28-2024,C040,P004,Office Chair,Mansoura,7,34.79
ORD00428,03/02/2025,C001,P004,Office Chair,Alexandria,2,448.62
ORD00415,17/12/2024,C040,P003,USB-C Hub,Aswan,5,87.96
ORD00040,05-31-2024,C020,P009,Webcam HD,Mansoura,6,190.04
ORD00562,03-15-2024,C034,P003,USB-C Hub,Cairo,6,443.07
ORD00936,04-04-2024,C026,P004,Office Chair,Aswan,1,110.22
ORD00287,05-29-2024,C036,P002,Mechanical Keyboard,Mansoura,1,175.48
ORD01175,01-27-2025,C037,P002,Mechanical Keyboard,Giza,3,391.23
ORD00838,04-03-2024,C024,P003,USB-C Hub,Alexandria,3,101.14
ORD00114,2024-02-13,C010,P006,Notebook Set,Mansoura,2,54.68
ORD00828,23/01/2025,C002,P008,Desk Lamp,Mansoura,7,386.51
ORD00012,2024-08-10,C035,P002,Mechanical Keyboard,Giza,6,63.53
ORD00855,09-12-2024,C021,P008,Desk Lamp,Alexandria,5,379.19
ORD00806,11-17-2024,C003,P007,Gel Pen Pack,Alexandria,3,134.09
ORD01154,11/03/2024,C039,P010,Monitor Stand,Mansoura,2,295.83
ORD00872,02/07/2024,C009,P004,Office Chair,Aswan,9,108.98
ORD00631,22/09/2024,C038,P009,Webcam HD,Giza,3,20.61
ORD00922,24/05/2024,C032,P002,Mechanical Keyboard,Alexandria,2,112.67
ORD00646,12-07-2024,C038,P010,Monitor Stand,Giza,7,169.9
ORD00725,12-04-2024,C028,P003,USB-C Hub,Cairo,7,345.25
ORD00684,06-14-2024,C006,P008,Desk Lamp,Cairo,8,72.94
ORD00628,15/03/2024,C002,P010,Monitor Stand,Giza,3,268.02
ORD00297,2024-02-08,C024,P007,Gel Pen Pack,Cairo,10,269.96
ORD00760,2025-01-02,C013,P006,Notebook Set,Cairo,10,286.98
ORD00622,2024-07-31,C019,P008,Desk Lamp,Alexandria,7,331.94
ORD00935,21/03/2024,C033,P010,Monitor Stand,Giza,4,199.3
ORD00539,04-11-2024,C040,P008,Desk Lamp,Giza,5,159.56
ORD00469,05/10/2024,C035,P005,Standing Desk,Mansoura,4,261.52
ORD00552,2024-12-09,C027,P006,Notebook Set,Alexandria,5,448.89
ORD00854,03-05-2024,C028,P007,Gel Pen Pack,,6,361.92
ORD00971,01-13-2024,C040,P001,Wireless Mouse,Aswan,2,263.73
ORD01058,15/07/2024,C006,P005,Standing Desk,Cairo,,386.74
ORD00667,10-19-2024,C006,P006,Notebook Set,Mansoura,3,117.68
ORD00322,10/02/2024,C031,P009,Webcam HD,Aswan,4,222.17
ORD00324,2024-11-17,C028,P001,Wireless Mouse,Cairo,7,102.83
ORD00352,2024-11-29,C033,P010,Monitor Stand,Alexandria,2,174.47
ORD00812,12-11-2024,C023,P008,Desk Lamp,Alexandria,4,325.77
ORD00394,2024-12-04,C019,P002,Mechanical Keyboard,Mansoura,7,186.87
ORD00321,01-22-2025,C006,P002,Mechanical Keyboard,Giza,9,195.08
ORD00664,2024-03-17,C039,P005,Standing Desk,Alexandria,,118.74
ORD00317,26/01/2024,C017,P009,Webcam HD,Giza,5,118.33
ORD01170,18/07/2024,C038,P008,Desk Lamp,Mansoura,10,-158.01
ORD00431,21/10/2024,C033,P002,Mechanical Keyboard,Giza,9,368.72
ORD00615,2024-03-03,C029,P006,Notebook Set,Aswan,3,247.13
ORD00211,2024-07-28,C025,P006,Notebook Set,Aswan,6,317.89
ORD00967,07-10-2024,C027,P001,Wireless Mouse,Cairo,1,26.42
ORD01087,2024-03-13,C039,P005,Standing Desk,Cairo,4,304.9
ORD00656,2024-10-28,C027,P009,Webcam HD,Giza,1,317.74
ORD00626,2024-11-26,C027,P005,Standing Desk,Alexandria,,409.46
ORD01028,15/08/2024,C007,P004,Office Chair,Mansoura,1,377.24
ORD00630,06-10-2024,C039,P002,Mechanical Keyboard,Alexandria,9,155.33
ORD00437,18/09/2024,C018,P010,Monitor Stand,Mansoura,3,443.21
ORD00475,31/07/2024,C030,P002,Mechanical Keyboard,Cairo,6,257.74
ORD00223,2024-04-01,C002,P005,Standing Desk,Aswan,7,365.68
ORD00397,2024-04-04,C014,P006,Notebook Set,Mansoura,9,76.97
ORD00375,24/06/2024,C027,P007,Gel Pen Pack,Aswan,4,134.01
ORD01104,2024-01-22,C007,P009,Webcam HD,Aswan,7,359.23
ORD00702,01-25-2024,C016,P005,Standing Desk,Aswan,7,143.53
ORD00908,04-21-2024,C014,P005,Standing Desk,Alexandria,1,84.6
ORD00194,10-17-2024,C012,P005,Standing Desk,Cairo,6,358.98
ORD00624,05-28-2024,C009,P010,Monitor Stand,Alexandria,3,377.04
ORD00885,03-27-2024,C039,P009,Webcam HD,Cairo,10,210.16
ORD00135,2024-12-05,C039,P005,Standing Desk,Alexandria,6,50.45
ORD00367,12/09/2024,C029,P008,Desk Lamp,,8,53.29
ORD00335,05-17-2024,C014,P010,Monitor Stand,Alexandria,4,309.8
ORD01016,2024-05-30,C011,P009,Webcam HD,Giza,8,140.39
ORD00964,01-17-2024,C035,P010,Monitor Stand,Cairo,8,233.96
ORD01044,08/05/2024,C002,P006,Notebook Set,Alexandria,5,416.19
ORD00654,01/07/2024,C025,P006,Notebook Set,Cairo,7,165.14
ORD00014,27/02/2024,C001,P009,Webcam HD,Aswan,6,227.54
