order_id,date,product,category,quantity,unit_price,salesperson,city,channel,customer_id,return,reason
R-00003,2024-11-30,Perfume,Beauty,-1,1849.72,Fatma,Dubai,store,106,False,invalid_quantity
R-00011,2024-12-05,Nuts,Food,0,1759.67,Sara,Alexandria,online,78,False,invalid_quantity
R-00018,2024-04-21,Clock,Home,-1,1670.07,Sara,Dubai,app,108,False,invalid_quantity
R-00023,2024-08-26,Chocolate,Food,-1,326.98,Sara,Riyadh,phone,41,True,invalid_quantity
R-00028,2024-05-29,Perfume,Beauty,0,1838.14,Mohamed,Dubai,phone,116,False,invalid_quantity
R-00035,2024-08-10,Shampoo,Beauty,0,382.82,Fatma,Alexandria,app,69,False,invalid_quantity
R-00038,2024-04-30,Chocolate,Food,0,1647.92,Ahmed,Dubai,phone,98,False,invalid_quantity
R-00039,2024-05-11,Tea,Food,0,1598.87,Fatma,Dubai,store,180,False,invalid_quantity
R-00042,2024-10-24,Chocolate,Food,-1,1774.12,Sara,Dubai,online,175,False,invalid_quantity
R-00043,2024-09-14,Jacket,Clothing,-1,1277.44,Sara,Giza,store,17,False,invalid_quantity
R-00047,2024-05-05,Phone,Electronics,0,950.68,Mohamed,Amman,phone,65,False,invalid_quantity
R-00048,2024-05-13,Shoes,Clothing,0,1586.59,Mohamed,Giza,store,14,False,invalid_quantity
R-00061,2024-04-17,Dress,Clothing,-1,120.65,Mohamed,Cairo,online,118,False,invalid_quantity
R-00063,2024-11-14,Jeans,Clothing,-1,1658.01,Omar,Cairo,app,195,False,invalid_quantity
R-00065,2024-03-06,Jeans,Clothing,-1,44.7,Mohamed,Riyadh,store,175,False,invalid_quantity
R-00072,2024-12-23,Bottle,Sports,-1,693.71,Ahmed,Riyadh,phone,87,False,invalid_quantity
R-00073,2024-11-25,Dumbbells,Sports,-1,1921.74,Mohamed,Riyadh,app,132,False,invalid_quantity
R-00074,2024-05-18,Jacket,Clothing,0,840.21,Omar,Amman,phone,24,False,invalid_quantity
R-00075,2024-12-15,Camera,Electronics,0,68.98,Sara,Amman,store,165,False,invalid_quantity
R-00077,2024-07-18,Science,Books,-1,485.59,Sara,Cairo,online,10,False,invalid_quantity
R-00081,2024-05-27,Dumbbells,Sports,-1,302.2,Rana,Amman,online,42,False,invalid_quantity
R-00086,2024-10-13,Dumbbells,Sports,0,737.95,Ahmed,Riyadh,app,82,False,invalid_quantity
R-00092,2024-10-23,Dumbbells,Sports,0,949.1,Omar,Cairo,online,26,True,invalid_quantity
R-00098,2024-07-20,Tablet,Electronics,0,1851.31,Rana,Cairo,app,93,False,invalid_quantity
R-00099,2024-01-29,Shoes,Sports,-1,1674.71,Ahmed,Giza,phone,34,False,invalid_quantity
R-00105,2024-08-06,Tablet,Electronics,0,666.61,Rana,Giza,app,164,False,invalid_quantity
R-00116,2024-11-11,Nuts,Food,0,1835.22,Rana,Amman,phone,63,False,invalid_quantity
R-00119,2024-06-19,Phone,Electronics,-1,1613.42,Rana,Dubai,phone,115,False,invalid_quantity
R-00136,2024-07-20,Tea,Food,0,84.58,Ahmed,Riyadh,phone,159,False,invalid_quantity
R-00138,2024-12-19,Cream,Beauty,0,996.99,Rana,Alexandria,app,159,False,invalid_quantity
R-00139,2024-09-18,Shoes,Sports,-1,1570.92,Ahmed,Giza,phone,11,False,invalid_quantity
R-00146,2024-03-27,Serum,Beauty,0,518.88,Ahmed,Cairo,app,168,False,invalid_quantity
R-00153,2024-11-09,Comics,Books,-1,225.22,Omar,Dubai,phone,29,False,invalid_quantity
R-00154,2024-11-16,Mirror,Home,0,957.65,Sara,Riyadh,online,151,False,invalid_quantity
R-00155,2024-01-26,Jeans,Clothing,0,39.93,Sara,Cairo,store,100,True,invalid_quantity
R-00160,2024-02-24,Yoga Mat,Sports,-1,1839.82,Rana,Dubai,online,139,False,invalid_quantity
R-00175,2024-10-02,Clock,Home,0,947.65,Fatma,Amman,phone,196,False,invalid_quantity
R-00176,2024-03-06,Shoes,Sports,0,1220.93,Ahmed,Dubai,store,169,False,invalid_quantity
R-00185,2024-10-25,Clock,Home,-1,410.4,Rana,Alexandria,phone,179,False,invalid_quantity
R-00187,2024-07-25,Coffee,Food,0,1606.44,Omar,Alexandria,app,195,False,invalid_quantity
R-00191,2024-03-03,Lipstick,Beauty,-1,1374.36,Ahmed,Giza,online,119,False,invalid_quantity
R-00194,2024-07-30,Camera,Electronics,0,1254.13,Mohamed,Amman,phone,179,False,invalid_quantity
R-00196,2024-08-17,Shampoo,Beauty,-1,1204.92,Mohamed,Dubai,online,155,False,invalid_quantity
R-00199,2024-04-25,Lipstick,Beauty,-1,1233.43,Rana,Riyadh,online,84,False,invalid_quantity
R-00200,2024-07-19,Novel,Books,0,569.66,Omar,Alexandria,phone,20,False,invalid_quantity
R-00206,2024-11-01,Dumbbells,Sports,0,1849.59,Rana,Amman,store,121,False,invalid_quantity
R-00215,2024-12-17,Shoes,Clothing,0,1686.57,Mohamed,Cairo,phone,87,False,invalid_quantity
R-00217,2024-08-02,Perfume,Beauty,-1,1483.88,Mohamed,Cairo,store,92,True,invalid_quantity
R-00233,2024-03-31,Jeans,Clothing,0,386.73,Mohamed,Dubai,store,84,False,invalid_quantity
R-00239,2024-08-26,Clock,Home,0,1096.08,Ahmed,Giza,app,150,False,invalid_quantity
R-00241,2024-04-29,Tea,Food,0,80.04,Fatma,Cairo,online,182,False,invalid_quantity
R-00242,2024-09-30,Science,Books,0,683.12,Rana,Cairo,store,61,True,invalid_quantity
R-00243,2024-03-15,Resistance Band,Sports,-1,664.13,Omar,Cairo,online,108,False,invalid_quantity
R-00245,2024-02-21,Coffee,Food,0,145.47,Mohamed,Alexandria,app,72,False,invalid_quantity
R-00247,2024-04-23,Dumbbells,Sports,0,1009.88,Omar,Alexandria,phone,80,False,invalid_quantity
R-00250,2024-07-12,Self-Help,Books,-1,972.3,Fatma,Dubai,phone,66,False,invalid_quantity
R-00260,2024-01-21,Lamp,Home,0,1423.01,Omar,Amman,online,30,False,invalid_quantity
R-00263,2024-12-23,Shoes,Sports,0,1267.76,Rana,Dubai,online,82,False,invalid_quantity
R-00269,2024-04-14,Perfume,Beauty,-1,594.74,Mohamed,Amman,phone,141,False,invalid_quantity
R-00271,2024-09-09,Blanket,Home,0,801.99,Rana,Amman,online,19,False,invalid_quantity
R-00290,2024-04-18,Dumbbells,Sports,-1,1786.43,Sara,Amman,app,177,False,invalid_quantity
R-00295,2024-07-17,Blanket,Home,-1,109.79,Ahmed,Alexandria,store,63,False,invalid_quantity
R-00303,2024-04-11,Serum,Beauty,0,1006.98,Mohamed,Giza,phone,75,False,invalid_quantity
R-00310,2024-08-29,Tea,Food,0,1029.77,Rana,Riyadh,phone,129,False,invalid_quantity
R-00313,2024-02-07,Headphones,Electronics,-1,561.22,Rana,Giza,phone,170,False,invalid_quantity
R-00320,2024-06-15,Chocolate,Food,0,377.0,Omar,Cairo,app,146,False,invalid_quantity
R-00321,2024-05-01,Tea,Food,-1,1486.57,Fatma,Giza,app,76,False,invalid_quantity
R-00324,2024-11-07,Clock,Home,0,218.64,Omar,Giza,online,171,False,invalid_quantity
R-00326,2024-01-16,Tea,Food,-1,1137.32,Ahmed,Dubai,online,122,False,invalid_quantity
R-00328,2024-08-01,Clock,Home,-1,1570.72,Rana,Dubai,app,136,False,invalid_quantity
R-00335,2024-12-05,Self-Help,Books,-1,322.97,Omar,Riyadh,store,122,False,invalid_quantity
R-00336,2024-11-17,Pillow,Home,-1,1898.02,Sara,Giza,store,192,False,invalid_quantity
R-00347,2024-03-15,Yoga Mat,Sports,-1,332.46,Omar,Dubai,online,114,False,invalid_quantity
R-00350,2024-04-23,Self-Help,Books,0,1957.13,Fatma,Dubai,store,118,False,invalid_quantity
R-00351,2024-10-09,Shoes,Sports,0,528.89,Fatma,Riyadh,app,16,False,invalid_quantity
R-00357,2024-08-15,Chocolate,Food,-1,1495.44,Fatma,Riyadh,app,63,False,invalid_quantity
R-00384,2024-06-06,Dress,Clothing,0,989.81,Omar,Dubai,phone,57,False,invalid_quantity
R-00385,2024-01-17,Dress,Clothing,-1,619.12,Omar,Giza,phone,161,False,invalid_quantity
R-00387,2024-01-23,Serum,Beauty,-1,66.79,Fatma,Dubai,store,166,False,invalid_quantity
R-00388,2024-08-07,Phone,Electronics,-1,1781.36,Rana,Cairo,app,83,False,invalid_quantity
R-00396,2024-10-23,Perfume,Beauty,-1,1028.55,Omar,Amman,app,173,False,invalid_quantity
R-00404,2024-12-21,Bottle,Sports,-1,1984.86,Ahmed,Giza,phone,30,False,invalid_quantity
R-00408,2024-11-18,Lipstick,Beauty,-1,142.98,Mohamed,Dubai,store,19,False,invalid_quantity
R-00409,2024-04-16,Nuts,Food,-1,1439.03,Mohamed,Dubai,store,22,False,invalid_quantity
R-00411,2024-01-24,Pillow,Home,-1,124.92,Sara,Amman,online,80,False,invalid_quantity
R-00421,2024-04-24,Cream,Beauty,-1,251.3,Mohamed,Dubai,online,184,False,invalid_quantity
R-00423,2024-08-15,Headphones,Electronics,-1,1773.82,Rana,Cairo,online,198,False,invalid_quantity
R-00424,2024-06-30,Blanket,Home,0,1075.6,Mohamed,Giza,store,167,False,invalid_quantity
R-00441,2024-07-31,Laptop,Electronics,-1,627.04,Rana,Dubai,phone,48,False,invalid_quantity
R-00448,2024-04-15,Phone,Electronics,-1,1129.7,Omar,Cairo,app,198,False,invalid_quantity
R-00449,2024-06-14,T-Shirt,Clothing,0,562.8,Rana,Amman,app,163,False,invalid_quantity
R-00453,2024-08-26,Nuts,Food,0,450.52,Mohamed,Alexandria,online,185,False,invalid_quantity
R-00456,2024-11-29,History,Books,0,468.78,Sara,Amman,store,148,False,invalid_quantity
R-00460,2024-02-18,Nuts,Food,0,1165.7,Rana,Riyadh,store,16,False,invalid_quantity
R-00468,2024-06-11,Pillow,Home,0,915.34,Mohamed,Alexandria,store,90,False,invalid_quantity
R-00486,2024-11-28,Tablet,Electronics,-1,1258.12,Sara,Amman,app,84,False,invalid_quantity
R-00497,2024-05-24,Self-Help,Books,0,98.8,Fatma,Riyadh,app,13,False,invalid_quantity
R-00505,2024-06-30,Comics,Books,0,303.6,Ahmed,Amman,online,9,False,invalid_quantity
R-00508,2024-12-05,Coffee,Food,0,848.18,Mohamed,Amman,phone,127,False,invalid_quantity
R-00510,2024-05-07,Nuts,Food,0,650.02,Sara,Dubai,phone,17,False,invalid_quantity
R-00515,2024-01-11,Self-Help,Books,-1,1499.03,Ahmed,Giza,app,117,False,invalid_quantity
R-00516,2024-04-17,Science,Books,0,759.8,Mohamed,Amman,store,23,False,invalid_quantity
R-00522,2024-12-04,Serum,Beauty,-1,252.67,Fatma,Cairo,app,139,False,invalid_quantity
R-00528,2024-08-28,Lipstick,Beauty,0,1355.84,Mohamed,Giza,phone,53,False,invalid_quantity
R-00532,2024-07-25,Lipstick,Beauty,0,1152.05,Omar,Cairo,app,79,False,invalid_quantity
R-00538,2024-07-26,Lamp,Home,0,960.01,Mohamed,Dubai,online,184,False,invalid_quantity
R-00539,2024-05-11,Yoga Mat,Sports,0,266.37,Mohamed,Riyadh,online,185,False,invalid_quantity
R-00540,2024-04-12,Chocolate,Food,0,1668.83,Ahmed,Alexandria,app,150,False,invalid_quantity
R-00560,2024-10-15,Chocolate,Food,0,951.42,Ahmed,Cairo,online,40,False,invalid_quantity
R-00567,2024-05-27,Comics,Books,-1,1447.43,Mohamed,Alexandria,store,44,False,invalid_quantity
R-00572,2024-09-02,Novel,Books,-1,1401.15,Rana,Cairo,store,36,False,invalid_quantity
R-00575,2024-03-25,Camera,Electronics,0,1033.65,Rana,Dubai,phone,64,False,invalid_quantity
R-00578,2024-05-29,T-Shirt,Clothing,-1,146.05,Sara,Amman,phone,194,False,invalid_quantity
R-00584,2024-09-18,Jeans,Clothing,-1,967.85,Sara,Riyadh,online,45,False,invalid_quantity
R-00596,2024-02-26,Science,Books,0,357.74,Mohamed,Amman,online,142,False,invalid_quantity
