order_id,date,product,category,quantity,unit_price,salesperson,city,channel,customer_id,return
R-00001,2024-07-28,Science,Books,150,610.98,Rana,Giza,store,163,False
R-00002,2024-11-11,History,Books,5,1057.02,Fatma,Giza,phone,133,False
R-00003,2024-11-30,Perfume,Beauty,-1,1849.72,Fatma,Dubai,store,106,False
R-00004,2024-03-12,Shampoo,Beauty,5,934.43,Mohamed,Riyadh,phone,89,False
R-00005,2024-04-19,Nuts,Food,5,636.33,Sara,Alexandria,store,11,False
R-00006,2024-06-12,Cream,Beauty,3,1688.7,Omar,Amman,app,158,False
R-00007,2024-08-25,Serum,Beauty,2,475.98,Mohamed,Alexandria,store,95,False
R-00008,2024-06-21,Perfume,Beauty,3,777.61,Mohamed,Amman,app,44,False
R-00009,2024-10-24,Perfume,Beauty,4,1849.42,Rana,Cairo,online,45,True
R-00010,2024-02-11,Jacket,Clothing,2,703.82,Fatma,Giza,store,178,False
R-00011,2024-12-05,Nuts,Food,0,1759.67,Sara,Alexandria,online,78,False
R-00012,2024-09-10,Shoes,Clothing,3,1056.99,Fatma,Alexandria,app,46,False
R-00013,2024-01-24,Dress,Clothing,4,1501.5,Omar,Amman,app,190,False
R-00014,2024-09-22,Pillow,Home,1,462.95,Fatma,Alexandria,online,130,False
R-00015,2024-03-05,Comics,Books,2,328.26,Omar,Cairo,online,153,False
R-00016,2024-05-23,Shoes,Clothing,4,5.93,Ahmed,Alexandria,online,27,False
R-00017,2024-11-26,Shoes,Sports,2,1160.43,Fatma,Riyadh,store,122,False
R-00018,2024-04-21,Clock,Home,-1,1670.07,Sara,Dubai,app,108,False
R-00019,2024-04-10,Jeans,Clothing,2,626.74,Fatma,Giza,app,176,True
R-00020,2024-08-02,Coffee,Food,2,1505.46,Rana,Cairo,store,156,False
R-00021,2024-01-06,Comics,Books,1,865.97,Omar,Giza,phone,171,False
R-00022,2024-08-08,Shoes,Clothing,1,1653.9,Ahmed,Alexandria,store,7,False
R-00023,2024-08-26,Chocolate,Food,-1,326.98,Sara,Riyadh,phone,41,True
R-00024,2024-04-02,Laptop,Electronics,4,854.29,Omar,Amman,online,14,False
R-00025,2024-10-05,Tablet,Electronics,2,239.68,Omar,Alexandria,store,146,False
R-00026,2024-05-16,Novel,Books,150,1413.17,Sara,Dubai,store,196,False
R-00027,2024-10-01,Camera,Electronics,1,401.64,Omar,Riyadh,app,147,False
R-00028,2024-05-29,Perfume,Beauty,0,1838.14,Mohamed,Dubai,phone,116,False
R-00029,2024-09-24,Self-Help,Books,3,639.86,Fatma,Alexandria,phone,59,False
R-00030,2024-12-11,Comics,Books,3,576.19,Rana,Alexandria,app,166,False
R-00031,2024-09-22,Nuts,Food,2,529.4,Fatma,Amman,phone,73,False
R-00032,2024-08-25,Perfume,Beauty,1,1012.91,Omar,Giza,phone,64,False
R-00033,2024-09-02,History,Books,2,1926.17,Mohamed,Cairo,app,178,False
R-00034,2024-06-14,Blanket,Home,1,849.91,Fatma,Cairo,phone,9,False
R-00035,2024-08-10,Shampoo,Beauty,0,382.82,Fatma,Alexandria,app,69,False
R-00036,2024-07-16,Laptop,Electronics,150,539.54,Omar,Amman,online,58,False
R-00037,2024-03-11,Jeans,Clothing,3,1301.58,Rana,Riyadh,online,34,False
R-00038,2024-04-30,Chocolate,Food,0,1647.92,Ahmed,Dubai,phone,98,False
R-00039,2024-05-11,Tea,Food,0,1598.87,Fatma,Dubai,store,180,False
R-00040,2024-12-11,Dumbbells,Sports,2,1627.15,Rana,Alexandria,phone,7,False
R-00041,2024-01-18,Pillow,Home,5,1064.67,Sara,Alexandria,phone,183,False
R-00042,2024-10-24,Chocolate,Food,-1,1774.12,Sara,Dubai,online,175,False
R-00043,2024-09-14,Jacket,Clothing,-1,1277.44,Sara,Giza,store,17,False
R-00044,2024-08-26,Resistance Band,Sports,2,368.42,Mohamed,Dubai,online,37,False
R-00045,2024-02-11,Novel,Books,3,1514.07,Rana,Cairo,app,119,False
R-00046,2024-12-05,Shoes,Sports,2,1341.93,Mohamed,Amman,phone,125,False
R-00047,2024-05-05,Phone,Electronics,0,950.68,Mohamed,Amman,phone,65,False
R-00048,2024-05-13,Shoes,Clothing,0,1586.59,Mohamed,Giza,store,14,False
R-00049,2024-05-25,Resistance Band,Sports,4,395.58,Sara,Dubai,online,41,False
R-00050,2024-04-12,History,Books,5,112.24,Rana,Alexandria,store,94,True
R-00051,2024-11-08,Nuts,Food,2,254.09,Sara,Giza,online,189,False
R-00052,2024-08-14,Serum,Beauty,5,1431.19,Fatma,Alexandria,online,131,False
R-00053,2024-04-23,Self-Help,Books,5,995.68,Ahmed,Amman,app,169,False
R-00054,2024-02-29,Cream,Beauty,3,1796.79,Mohamed,Amman,phone,18,False
R-00055,2024-05-20,Lipstick,Beauty,150,1187.8,Rana,Riyadh,app,129,False
R-00056,2024-12-29,Laptop,Electronics,2,1718.19,Sara,Alexandria,store,49,True
R-00057,2024-03-24,Tablet,Electronics,1,218.62,Fatma,Alexandria,phone,200,False
R-00058,2024-07-02,Cream,Beauty,3,1833.88,Ahmed,Dubai,phone,144,False
R-00059,2024-10-22,Chocolate,Food,1,1617.33,Omar,Dubai,app,115,False
R-00060,2024-06-29,T-Shirt,Clothing,2,1527.66,Mohamed,Dubai,online,118,False
R-00061,2024-04-17,Dress,Clothing,-1,120.65,Mohamed,Cairo,online,118,False
R-00062,2024-02-11,Pillow,Home,2,10.73,Fatma,Amman,app,54,False
R-00063,2024-11-14,Jeans,Clothing,-1,1658.01,Omar,Cairo,app,195,False
R-00064,2024-11-19,Comics,Books,3,1648.35,Rana,Amman,store,63,False
R-00065,2024-03-06,Jeans,Clothing,-1,44.7,Mohamed,Riyadh,store,175,False
R-00066,2024-10-19,Perfume,Beauty,5,756.23,Rana,Cairo,phone,140,False
R-00067,2024-07-03,Dress,Clothing,1,1263.76,Ahmed,Giza,app,32,False
R-00068,2024-02-23,Shoes,Clothing,2,1615.45,Omar,Dubai,app,120,False
R-00069,2024-09-06,Shoes,Sports,5,1471.58,Mohamed,Dubai,phone,158,False
R-00070,2024-07-30,Perfume,Beauty,2,1228.9,Ahmed,Dubai,app,191,False
R-00071,2024-10-22,Tablet,Electronics,2,1381.84,Mohamed,Alexandria,store,146,False
R-00072,2024-12-23,Bottle,Sports,-1,693.71,Ahmed,Riyadh,phone,87,False
R-00073,2024-11-25,Dumbbells,Sports,-1,1921.74,Mohamed,Riyadh,app,132,False
R-00074,2024-05-18,Jacket,Clothing,0,840.21,Omar,Amman,phone,24,False
R-00075,2024-12-15,Camera,Electronics,0,68.98,Sara,Amman,store,165,False
R-00076,2024-10-01,T-Shirt,Clothing,3,800.25,Mohamed,Giza,phone,169,False
R-00077,2024-07-18,Science,Books,-1,485.59,Sara,Cairo,online,10,False
R-00078,2024-02-25,Jeans,Clothing,1,1664.09,Omar,Alexandria,store,21,False
R-00079,2024-02-22,T-Shirt,Clothing,1,679.96,Omar,Alexandria,app,50,False
R-00080,2024-05-23,Tablet,Electronics,4,777.89,Ahmed,Cairo,app,95,False
R-00081,2024-05-27,Dumbbells,Sports,-1,302.2,Rana,Amman,online,42,False
R-00082,2024-09-27,Perfume,Beauty,150,730.73,Fatma,Riyadh,store,91,False
R-00083,2024-01-14,Jacket,Clothing,1,372.56,Mohamed,Cairo,store,128,False
R-00084,2024-11-26,Clock,Home,2,103.99,Ahmed,Giza,store,192,False
R-00085,2024-02-13,Dumbbells,Sports,1,1150.76,Omar,Alexandria,app,65,False
R-00086,2024-10-13,Dumbbells,Sports,0,737.95,Ahmed,Riyadh,app,82,False
R-00087,2024-12-08,Laptop,Electronics,2,632.06,Rana,Dubai,phone,196,False
R-00088,2024-12-07,Shoes,Clothing,1,1118.37,Mohamed,Riyadh,store,5,False
R-00089,2024-07-15,Jacket,Clothing,4,281.31,Fatma,Amman,phone,154,False
R-00090,2024-05-21,Phone,Electronics,2,1319.67,Fatma,Giza,online,124,False
R-00091,2024-05-22,History,Books,150,106.87,Ahmed,Riyadh,online,49,False
R-00092,2024-10-23,Dumbbells,Sports,0,949.1,Omar,Cairo,online,26,True
R-00093,2024-05-27,Novel,Books,150,1735.58,Sara,Dubai,online,196,False
R-00094,2024-07-27,Camera,Electronics,1,496.22,Ahmed,Cairo,online,88,False
R-00095,2024-11-16,Laptop,Electronics,5,514.09,Ahmed,Amman,online,147,False
R-00096,2024-01-23,Comics,Books,150,1966.67,Sara,Riyadh,app,29,False
R-00097,2024-03-31,Dumbbells,Sports,2,1523.09,Sara,Amman,store,52,False
R-00098,2024-07-20,Tablet,Electronics,0,1851.31,Rana,Cairo,app,93,False
R-00099,2024-01-29,Shoes,Sports,-1,1674.71,Ahmed,Giza,phone,34,False
R-00100,2024-09-25,Novel,Books,2,601.81,Fatma,Dubai,app,69,False
R-00101,2024-04-23,Clock,Home,2,1723.76,Sara,Amman,online,193,False
R-00102,2024-12-14,Headphones,Electronics,150,1417.47,Ahmed,Riyadh,store,47,False
R-00103,2024-12-19,Bottle,Sports,5,518.1,Sara,Cairo,store,153,False
R-00104,2024-08-11,History,Books,150,217.91,Fatma,Alexandria,online,189,False
R-00105,2024-08-06,Tablet,Electronics,0,666.61,Rana,Giza,app,164,False
R-00106,2024-02-03,Pillow,Home,3,1800.5,Mohamed,Amman,app,125,False
R-00107,2024-02-14,Lipstick,Beauty,4,814.53,Ahmed,Riyadh,phone,123,False
R-00108,2024-06-27,Laptop,Electronics,1,188.37,Rana,Amman,phone,133,False
R-00109,2024-01-02,Blanket,Home,1,72.86,Ahmed,Amman,online,28,False
R-00110,2024-05-22,Camera,Electronics,1,385.0,Mohamed,Cairo,app,123,False
R-00111,2024-07-06,Camera,Electronics,5,943.3,Fatma,Riyadh,app,175,False
R-00112,2024-02-26,Novel,Books,1,945.68,Sara,Cairo,store,47,False
R-00113,2024-01-22,Jeans,Clothing,2,165.32,Fatma,Amman,app,1,False
R-00114,2024-06-28,Headphones,Electronics,1,788.0,Mohamed,Riyadh,phone,96,False
R-00115,2024-12-04,Self-Help,Books,2,29.82,Rana,Alexandria,phone,133,False
R-00116,2024-11-11,Nuts,Food,0,1835.22,Rana,Amman,phone,63,False
R-00117,2024-05-30,Camera,Electronics,5,59.53,Omar,Riyadh,online,29,False
R-00118,2024-11-08,Novel,Books,5,1158.37,Sara,Giza,store,30,False
R-00119,2024-06-19,Phone,Electronics,-1,1613.42,Rana,Dubai,phone,115,False
R-00120,2024-07-17,Shampoo,Beauty,5,1884.11,Sara,Riyadh,phone,31,False
R-00121,2024-04-26,Science,Books,4,381.94,Mohamed,Giza,store,40,False
R-00122,2024-07-10,Jacket,Clothing,2,718.98,Fatma,Amman,online,119,False
R-00123,2024-06-09,Tablet,Electronics,2,503.07,Mohamed,Cairo,app,126,False
R-00124,2024-05-05,Clock,Home,5,43.99,Rana,Cairo,app,94,False
R-00125,2024-12-22,Coffee,Food,150,693.29,Mohamed,Giza,store,47,False
R-00126,2024-11-29,Blanket,Home,2,1791.24,Omar,Cairo,online,156,False
R-00127,2024-08-12,Tablet,Electronics,4,918.14,Ahmed,Giza,phone,39,False
R-00128,2024-11-12,Comics,Books,1,279.99,Omar,Dubai,online,151,False
R-00129,2024-04-20,Honey,Food,4,1329.59,Fatma,Amman,online,24,False
R-00130,2024-06-07,Camera,Electronics,5,1535.95,Rana,Cairo,online,73,False
R-00131,2024-11-20,Dress,Clothing,3,1260.29,Ahmed,Cairo,online,179,False
R-00132,2024-09-10,Coffee,Food,2,115.21,Omar,Riyadh,store,130,False
R-00133,2024-06-07,Coffee,Food,2,1944.54,Ahmed,Cairo,phone,71,False
R-00134,2024-05-08,Clock,Home,150,1399.9,Ahmed,Dubai,online,87,False
R-00135,2024-02-25,T-Shirt,Clothing,3,1684.29,Sara,Cairo,app,193,False
R-00136,2024-07-20,Tea,Food,0,84.58,Ahmed,Riyadh,phone,159,False
R-00137,2024-11-04,Shoes,Clothing,4,867.78,Ahmed,Dubai,store,79,False
R-00138,2024-12-19,Cream,Beauty,0,996.99,Rana,Alexandria,app,159,False
R-00139,2024-09-18,Shoes,Sports,-1,1570.92,Ahmed,Giza,phone,11,False
R-00140,2024-10-11,Phone,Electronics,5,1263.95,Sara,Amman,online,4,False
R-00141,2024-09-01,Lipstick,Beauty,3,696.87,Fatma,Alexandria,phone,199,False
R-00142,2024-03-15,Bottle,Sports,1,875.73,Omar,Cairo,store,195,False
R-00143,2024-12-21,Perfume,Beauty,2,760.55,Rana,Giza,online,168,False
R-00144,2024-04-30,Coffee,Food,4,429.6,Sara,Riyadh,store,52,False
R-00145,2024-01-31,Resistance Band,Sports,3,1274.1,Ahmed,Cairo,app,20,False
R-00146,2024-03-27,Serum,Beauty,0,518.88,Ahmed,Cairo,app,168,False
R-00147,2024-05-27,Camera,Electronics,2,392.49,Fatma,Giza,phone,27,False
R-00148,2024-08-29,Honey,Food,2,683.68,Fatma,Alexandria,app,172,True
R-00149,2024-11-17,Tea,Food,3,512.92,Sara,Giza,store,78,True
R-00150,2024-02-20,Bottle,Sports,2,1305.41,Fatma,Alexandria,online,4,False
R-00151,2024-10-15,Jacket,Clothing,1,1200.43,Omar,Giza,online,143,False
R-00152,2024-02-09,Chocolate,Food,4,1019.49,Omar,Amman,online,72,False
R-00153,2024-11-09,Comics,Books,-1,225.22,Omar,Dubai,phone,29,False
R-00154,2024-11-16,Mirror,Home,0,957.65,Sara,Riyadh,online,151,False
R-00155,2024-01-26,Jeans,Clothing,0,39.93,Sara,Cairo,store,100,True
R-00156,2024-01-02,Blanket,Home,4,744.1,Omar,Dubai,app,48,False
R-00157,2024-01-30,Shoes,Clothing,1,431.83,Rana,Amman,online,122,False
R-00158,2024-07-11,History,Books,1,1860.85,Omar,Dubai,app,25,False
R-00159,2024-02-21,Shampoo,Beauty,2,759.15,Omar,Giza,online,163,False
R-00160,2024-02-24,Yoga Mat,Sports,-1,1839.82,Rana,Dubai,online,139,False
R-00161,2024-05-18,Camera,Electronics,2,326.09,Mohamed,Riyadh,store,73,False
R-00162,2024-12-05,Shoes,Clothing,1,1415.15,Ahmed,Amman,app,48,False
R-00163,2024-02-07,Headphones,Electronics,5,432.83,Ahmed,Riyadh,online,34,False
R-00164,2024-11-15,Lipstick,Beauty,3,1932.29,Fatma,Amman,phone,31,False
R-00165,2024-06-22,Mirror,Home,1,1468.07,Ahmed,Amman,app,46,False
R-00166,2024-05-25,Cream,Beauty,5,1575.28,Ahmed,Amman,store,182,False
R-00167,2024-06-15,Science,Books,150,527.04,Ahmed,Amman,app,97,False
R-00168,2024-08-03,Perfume,Beauty,150,470.69,Omar,Cairo,store,14,False
R-00169,2024-12-10,History,Books,3,431.99,Sara,Cairo,phone,60,False
R-00170,2024-08-21,Lipstick,Beauty,1,1120.87,Sara,Cairo,phone,119,False
R-00171,2024-04-04,Tablet,Electronics,2,385.11,Omar,Cairo,online,159,False
R-00172,2024-05-20,Novel,Books,3,324.59,Fatma,Amman,online,175,False
R-00173,2024-05-25,Laptop,Electronics,5,1206.24,Fatma,Dubai,phone,186,False
R-00174,2024-03-01,Comics,Books,3,1608.04,Sara,Alexandria,app,26,False
R-00175,2024-10-02,Clock,Home,0,947.65,Fatma,Amman,phone,196,False
R-00176,2024-03-06,Shoes,Sports,0,1220.93,Ahmed,Dubai,store,169,False
R-00177,2024-09-11,Perfume,Beauty,3,1587.97,Sara,Alexandria,app,186,False
R-00178,2024-02-19,Cream,Beauty,1,667.4,Mohamed,Dubai,store,200,False
R-00179,2024-01-16,Tea,Food,1,428.21,Rana,Riyadh,app,1,False
R-00180,2024-09-21,Tablet,Electronics,150,480.65,Sara,Giza,online,165,False
R-00181,2024-01-16,Science,Books,2,1662.32,Rana,Riyadh,online,47,False
R-00182,2024-12-10,Dumbbells,Sports,150,1755.98,Sara,Cairo,app,128,False
R-00183,2024-03-17,Jacket,Clothing,1,1326.77,Rana,Giza,store,132,False
R-00184,2024-12-30,Novel,Books,4,1500.87,Ahmed,Giza,app,103,False
R-00185,2024-10-25,Clock,Home,-1,410.4,Rana,Alexandria,phone,179,False
R-00186,2024-10-09,Mirror,Home,3,819.61,Rana,Dubai,online,106,False
R-00187,2024-07-25,Coffee,Food,0,1606.44,Omar,Alexandria,app,195,False
R-00188,2024-10-01,Resistance Band,Sports,1,140.17,Ahmed,Cairo,online,79,False
R-00189,2024-11-15,Tea,Food,1,1235.37,Ahmed,Cairo,app,101,False
R-00190,2024-02-06,History,Books,2,1379.83,Sara,Dubai,phone,193,False
R-00191,2024-03-03,Lipstick,Beauty,-1,1374.36,Ahmed,Giza,online,119,False
R-00192,2024-06-03,Comics,Books,2,370.59,Sara,Dubai,online,151,False
R-00193,2024-03-20,Lamp,Home,2,1810.89,Sara,Alexandria,online,172,False
R-00194,2024-07-30,Camera,Electronics,0,1254.13,Mohamed,Amman,phone,179,False
R-00195,2024-01-14,Phone,Electronics,1,1429.34,Omar,Riyadh,online,68,False
R-00196,2024-08-17,Shampoo,Beauty,-1,1204.92,Mohamed,Dubai,online,155,False
R-00197,2024-11-12,Comics,Books,150,417.74,Omar,Riyadh,store,149,False
R-00198,2024-09-03,Serum,Beauty,1,1621.04,Rana,Cairo,app,169,False
R-00199,2024-04-25,Lipstick,Beauty,-1,1233.43,Rana,Riyadh,online,84,False
R-00200,2024-07-19,Novel,Books,0,569.66,Omar,Alexandria,phone,20,False
R-00201,2024-07-25,Laptop,Electronics,4,252.67,Sara,Alexandria,app,5,False
R-00202,2024-08-20,Nuts,Food,1,1838.98,Fatma,Riyadh,store,147,False
R-00203,2024-12-20,Nuts,Food,1,704.45,Omar,Alexandria,app,38,False
R-00204,2024-01-04,Dress,Clothing,150,654.66,Ahmed,Alexandria,online,117,False
R-00205,2024-10-29,Headphones,Electronics,150,977.91,Sara,Dubai,store,66,False
R-00206,2024-11-01,Dumbbells,Sports,0,1849.59,Rana,Amman,store,121,False
R-00207,2024-07-31,Phone,Electronics,3,1981.38,Rana,Alexandria,store,141,False
R-00208,2024-07-08,Phone,Electronics,1,582.64,Sara,Cairo,phone,111,False
R-00209,2024-04-21,Blanket,Home,3,1043.95,Fatma,Amman,app,151,False
R-00210,2024-05-06,Tablet,Electronics,150,187.42,Omar,Cairo,phone,139,False
R-00211,2024-06-28,Jacket,Clothing,150,932.45,Sara,Dubai,phone,19,True
R-00212,2024-05-20,Blanket,Home,2,219.5,Rana,Giza,app,130,False
R-00213,2024-10-23,Honey,Food,150,1127.64,Sara,Alexandria,online,154,False
R-00214,2024-01-19,Mirror,Home,150,1274.79,Mohamed,Amman,online,19,False
R-00215,2024-12-17,Shoes,Clothing,0,1686.57,Mohamed,Cairo,phone,87,False
R-00216,2024-03-18,Camera,Electronics,2,675.15,Fatma,Giza,app,74,False
R-00217,2024-08-02,Perfume,Beauty,-1,1483.88,Mohamed,Cairo,store,92,True
R-00218,2024-08-27,Perfume,Beauty,4,980.14,Sara,Giza,store,116,False
R-00219,2024-09-07,Pillow,Home,2,462.46,Fatma,Giza,store,63,False
R-00220,2024-12-06,Dress,Clothing,2,156.63,Sara,Riyadh,store,21,False
R-00221,2024-09-21,Science,Books,150,699.75,Rana,Cairo,app,67,False
R-00222,2024-07-29,Clock,Home,3,370.74,Mohamed,Giza,app,48,False
R-00223,2024-09-05,Honey,Food,5,1237.05,Omar,Riyadh,store,51,True
R-00224,2024-07-06,Serum,Beauty,2,165.9,Ahmed,Giza,phone,42,False
R-00225,2024-02-11,Camera,Electronics,2,1329.39,Fatma,Riyadh,store,57,False
R-00226,2024-09-09,Lipstick,Beauty,1,1920.06,Rana,Alexandria,store,66,False
R-00227,2024-11-12,Jeans,Clothing,5,360.17,Rana,Amman,phone,28,False
R-00228,2024-01-16,Lipstick,Beauty,2,482.09,Rana,Alexandria,store,13,True
R-00229,2024-09-23,Jeans,Clothing,1,276.66,Ahmed,Amman,store,96,False
R-00230,2024-10-01,Tea,Food,150,194.23,Mohamed,Amman,app,82,False
R-00231,2024-02-13,Lipstick,Beauty,5,812.83,Rana,Riyadh,online,96,False
R-00232,2024-09-03,Cream,Beauty,150,1372.96,Rana,Dubai,store,191,False
R-00233,2024-03-31,Jeans,Clothing,0,386.73,Mohamed,Dubai,store,84,False
R-00234,2024-10-30,History,Books,2,1228.61,Fatma,Giza,online,130,False
R-00235,2024-03-02,Dress,Clothing,1,1817.25,Rana,Amman,online,138,False
R-00236,2024-06-22,Lipstick,Beauty,1,1779.44,Fatma,Amman,online,62,False
R-00237,2024-08-09,Tea,Food,1,1679.08,Rana,Alexandria,app,132,False
R-00238,2024-09-29,Laptop,Electronics,2,1369.23,Rana,Alexandria,phone,138,False
R-00239,2024-08-26,Clock,Home,0,1096.08,Ahmed,Giza,app,150,False
R-00240,2024-01-25,Phone,Electronics,5,1233.84,Mohamed,Riyadh,app,45,False
R-00241,2024-04-29,Tea,Food,0,80.04,Fatma,Cairo,online,182,False
R-00242,2024-09-30,Science,Books,0,683.12,Rana,Cairo,store,61,True
R-00243,2024-03-15,Resistance Band,Sports,-1,664.13,Omar,Cairo,online,108,False
R-00244,2024-08-06,Laptop,Electronics,3,1322.96,Fatma,Riyadh,online,93,False
R-00245,2024-02-21,Coffee,Food,0,145.47,Mohamed,Alexandria,app,72,False
R-00246,2024-05-17,Honey,Food,1,1276.57,Fatma,Dubai,app,83,False
R-00247,2024-04-23,Dumbbells,Sports,0,1009.88,Omar,Alexandria,phone,80,False
R-00248,2024-12-20,Jeans,Clothing,2,208.47,Rana,Alexandria,store,11,False
R-00249,2024-03-12,Jeans,Clothing,1,295.73,Mohamed,Alexandria,phone,13,False
R-00250,2024-07-12,Self-Help,Books,-1,972.3,Fatma,Dubai,phone,66,False
R-00251,2024-07-13,History,Books,2,1510.43,Ahmed,Amman,online,164,False
R-00252,2024-10-28,Resistance Band,Sports,2,1675.29,Omar,Dubai,phone,179,False
R-00253,2024-03-19,Camera,Electronics,4,1493.13,Fatma,Dubai,app,41,False
R-00254,2024-10-30,Pillow,Home,4,1126.32,Fatma,Giza,phone,80,False
R-00255,2024-10-12,Laptop,Electronics,3,1221.72,Fatma,Riyadh,app,12,True
R-00256,2024-05-02,Dress,Clothing,4,656.65,Omar,Alexandria,store,104,False
R-00257,2024-11-29,Lipstick,Beauty,1,1401.79,Fatma,Amman,app,134,False
R-00258,2024-02-04,Cream,Beauty,2,1905.32,Rana,Dubai,store,128,False
R-00259,2024-02-08,Dumbbells,Sports,2,104.81,Ahmed,Alexandria,online,121,False
R-00260,2024-01-21,Lamp,Home,0,1423.01,Omar,Amman,online,30,False
R-00261,2024-01-03,Dress,Clothing,3,1039.58,Omar,Dubai,online,82,False
R-00262,2024-10-08,Mirror,Home,1,1006.66,Omar,Cairo,app,122,False
R-00263,2024-12-23,Shoes,Sports,0,1267.76,Rana,Dubai,online,82,False
R-00264,2024-12-02,Yoga Mat,Sports,150,1686.26,Sara,Alexandria,online,133,False
R-00265,2024-07-31,Novel,Books,4,1547.95,Sara,Alexandria,app,48,False
R-00266,2024-10-09,Cream,Beauty,1,188.28,Sara,Alexandria,phone,91,False
R-00267,2024-05-05,Coffee,Food,4,812.67,Fatma,Giza,phone,34,False
R-00268,2024-09-22,Jeans,Clothing,2,479.37,Ahmed,Cairo,phone,123,False
R-00269,2024-04-14,Perfume,Beauty,-1,594.74,Mohamed,Amman,phone,141,False
R-00270,2024-10-05,Tablet,Electronics,1,1879.57,Rana,Cairo,app,183,True
R-00271,2024-09-09,Blanket,Home,0,801.99,Rana,Amman,online,19,False
R-00272,2024-09-01,Pillow,Home,3,306.58,Fatma,Cairo,store,88,False
R-00273,2024-03-12,Mirror,Home,5,7.14,Mohamed,Dubai,phone,159,False
R-00274,2024-03-28,Phone,Electronics,1,1240.34,Fatma,Amman,phone,53,True
R-00275,2024-02-05,Perfume,Beauty,4,1491.63,Fatma,Giza,online,47,False
R-00276,2024-05-28,Tea,Food,5,1484.77,Omar,Alexandria,online,36,False
R-00277,2024-06-22,History,Books,2,68.02,Ahmed,Alexandria,phone,33,False
R-00278,2024-11-18,Dumbbells,Sports,4,98.16,Ahmed,Dubai,app,154,False
R-00279,2024-08-28,Lamp,Home,3,1769.89,Omar,Alexandria,app,106,False
R-00280,2024-12-23,Resistance Band,Sports,1,1369.91,Fatma,Cairo,app,187,False
R-00281,2024-08-30,Shoes,Clothing,4,770.44,Mohamed,Alexandria,store,147,False
R-00282,2024-07-24,Mirror,Home,2,1616.31,Sara,Dubai,store,200,False
R-00283,2024-07-18,Laptop,Electronics,1,60.38,Mohamed,Cairo,online,194,False
R-00284,2024-07-09,Novel,Books,3,961.36,Omar,Riyadh,app,117,False
R-00285,2024-04-08,Pillow,Home,2,974.24,Mohamed,Amman,store,62,False
R-00286,2024-09-02,History,Books,4,651.29,Ahmed,Dubai,store,83,False
R-00287,2024-01-19,Nuts,Food,1,582.29,Omar,Alexandria,store,21,False
R-00288,2024-10-15,Nuts,Food,1,458.19,Mohamed,Giza,app,193,False
R-00289,2024-06-21,Comics,Books,1,807.56,Omar,Dubai,app,166,False
R-00290,2024-04-18,Dumbbells,Sports,-1,1786.43,Sara,Amman,app,177,False
R-00291,2024-09-25,Camera,Electronics,2,1001.44,Sara,Alexandria,online,107,False
R-00292,2024-12-22,Shampoo,Beauty,4,421.88,Fatma,Giza,online,70,False
R-00293,2024-09-08,History,Books,1,690.76,Ahmed,Alexandria,store,149,False
R-00294,2024-02-03,Bottle,Sports,1,409.02,Sara,Riyadh,online,114,False
R-00295,2024-07-17,Blanket,Home,-1,109.79,Ahmed,Alexandria,store,63,False
R-00296,2024-12-08,Yoga Mat,Sports,150,1094.01,Fatma,Amman,online,140,False
R-00297,2024-07-25,Shampoo,Beauty,5,1524.68,Fatma,Cairo,app,193,False
R-00298,2024-12-24,Tea,Food,1,1080.97,Sara,Dubai,store,143,False
R-00299,2024-03-27,Novel,Books,1,1733.71,Ahmed,Alexandria,store,35,False
R-00300,2024-11-23,Yoga Mat,Sports,1,1017.91,Omar,Cairo,app,26,False
R-00301,2024-02-28,Resistance Band,Sports,2,945.03,Sara,Cairo,online,102,False
R-00302,2024-11-09,Jacket,Clothing,1,906.02,Fatma,Giza,online,158,False
R-00303,2024-04-11,Serum,Beauty,0,1006.98,Mohamed,Giza,phone,75,False
R-00304,2024-04-22,Tea,Food,150,1136.52,Rana,Dubai,app,83,False
R-00305,2024-10-28,Shampoo,Beauty,3,1132.86,Fatma,Cairo,online,56,False
R-00306,2024-07-11,Jeans,Clothing,2,510.24,Ahmed,Alexandria,app,106,False
R-00307,2024-11-07,Jacket,Clothing,2,1173.25,Omar,Cairo,online,53,False
R-00308,2024-02-17,Cream,Beauty,5,1792.31,Mohamed,Amman,phone,93,False
R-00309,2024-05-21,Jacket,Clothing,5,390.47,Fatma,Riyadh,store,166,False
R-00310,2024-08-29,Tea,Food,0,1029.77,Rana,Riyadh,phone,129,False
R-00311,2024-04-09,Yoga Mat,Sports,1,526.83,Fatma,Alexandria,store,117,False
R-00312,2024-02-18,Mirror,Home,2,670.97,Sara,Riyadh,online,59,False
R-00313,2024-02-07,Headphones,Electronics,-1,561.22,Rana,Giza,phone,170,False
R-00314,2024-09-02,T-Shirt,Clothing,4,242.76,Rana,Dubai,phone,11,False
R-00315,2024-02-10,Coffee,Food,150,1835.47,Omar,Alexandria,app,166,False
R-00316,2024-10-26,Dumbbells,Sports,5,30.07,Mohamed,Riyadh,phone,37,True
R-00317,2024-06-17,Tablet,Electronics,2,1374.97,Rana,Dubai,app,127,False
R-00318,2024-08-08,Shoes,Clothing,5,59.74,Omar,Giza,online,42,False
R-00319,2024-10-23,Dumbbells,Sports,2,1239.67,Sara,Alexandria,online,178,False
R-00320,2024-06-15,Chocolate,Food,0,377.0,Omar,Cairo,app,146,False
R-00321,2024-05-01,Tea,Food,-1,1486.57,Fatma,Giza,app,76,False
R-00322,2024-07-08,Comics,Books,2,1640.06,Fatma,Alexandria,phone,166,False
R-00323,2024-12-09,Camera,Electronics,2,557.12,Sara,Riyadh,store,168,False
R-00324,2024-11-07,Clock,Home,0,218.64,Omar,Giza,online,171,False
R-00325,2024-12-17,Bottle,Sports,1,126.03,Mohamed,Alexandria,app,162,False
R-00326,2024-01-16,Tea,Food,-1,1137.32,Ahmed,Dubai,online,122,False
R-00327,2024-09-16,Shoes,Clothing,2,1033.64,Mohamed,Alexandria,app,140,False
R-00328,2024-08-01,Clock,Home,-1,1570.72,Rana,Dubai,app,136,False
R-00329,2024-05-18,Dumbbells,Sports,1,636.62,Mohamed,Giza,store,28,False
R-00330,2024-11-29,Jacket,Clothing,2,1754.13,Rana,Giza,app,190,False
R-00331,2024-12-14,Novel,Books,5,1979.3,Mohamed,Alexandria,app,178,False
R-00332,2024-01-06,Science,Books,1,401.84,Rana,Riyadh,phone,49,False
R-00333,2024-05-15,Shoes,Sports,3,1022.06,Fatma,Riyadh,phone,172,False
R-00334,2024-12-03,Dumbbells,Sports,1,391.42,Ahmed,Cairo,store,99,False
R-00335,2024-12-05,Self-Help,Books,-1,322.97,Omar,Riyadh,store,122,False
R-00336,2024-11-17,Pillow,Home,-1,1898.02,Sara,Giza,store,192,False
R-00337,2024-01-19,Yoga Mat,Sports,2,993.94,Fatma,Riyadh,online,101,False
R-00338,2024-08-31,Laptop,Electronics,150,1355.23,Fatma,Riyadh,app,156,False
R-00339,2024-06-22,Clock,Home,3,640.45,Sara,Alexandria,online,91,False
R-00340,2024-01-29,Pillow,Home,2,1306.82,Ahmed,Amman,store,77,False
R-00341,2024-01-06,Novel,Books,4,817.03,Ahmed,Cairo,phone,58,False
R-00342,2024-11-20,Serum,Beauty,150,967.83,Rana,Amman,online,176,False
R-00343,2024-05-08,Shoes,Sports,4,208.96,Rana,Alexandria,online,187,True
R-00344,2024-12-17,Yoga Mat,Sports,5,1057.47,Fatma,Riyadh,online,140,False
R-00345,2024-10-14,Chocolate,Food,3,549.45,Ahmed,Dubai,app,50,True
R-00346,2024-10-25,Phone,Electronics,5,1524.28,Mohamed,Dubai,store,164,False
R-00347,2024-03-15,Yoga Mat,Sports,-1,332.46,Omar,Dubai,online,114,False
R-00348,2024-08-10,Laptop,Electronics,1,1526.99,Omar,Dubai,app,71,False
R-00349,2024-01-10,Lamp,Home,1,929.26,Rana,Giza,store,89,False
R-00350,2024-04-23,Self-Help,Books,0,1957.13,Fatma,Dubai,store,118,False
R-00351,2024-10-09,Shoes,Sports,0,528.89,Fatma,Riyadh,app,16,False
R-00352,2024-11-02,Shoes,Clothing,2,1852.45,Sara,Riyadh,online,134,False
R-00353,2024-09-10,Jacket,Clothing,3,1051.29,Fatma,Giza,online,125,False
R-00354,2024-05-04,Clock,Home,3,1020.09,Ahmed,Alexandria,online,106,False
R-00355,2024-08-10,Tea,Food,3,457.13,Fatma,Riyadh,store,107,False
R-00356,2024-03-18,Honey,Food,1,1723.88,Sara,Riyadh,app,20,False
R-00357,2024-08-15,Chocolate,Food,-1,1495.44,Fatma,Riyadh,app,63,False
R-00358,2024-07-25,Perfume,Beauty,4,1724.16,Fatma,Dubai,online,151,False
R-00359,2024-11-01,Headphones,Electronics,1,1657.7,Sara,Amman,app,111,False
R-00360,2024-04-02,Dumbbells,Sports,5,390.03,Sara,Dubai,app,6,False
R-00361,2024-07-04,Nuts,Food,4,762.99,Omar,Dubai,store,42,False
R-00362,2024-08-31,Clock,Home,2,1018.71,Mohamed,Alexandria,phone,166,False
R-00363,2024-11-27,T-Shirt,Clothing,1,420.59,Mohamed,Alexandria,online,52,False
R-00364,2024-04-23,Clock,Home,1,255.66,Ahmed,Alexandria,store,33,False
R-00365,2024-02-08,Chocolate,Food,2,1713.32,Mohamed,Giza,phone,166,False
R-00366,2024-06-14,Cream,Beauty,2,1929.87,Mohamed,Dubai,online,104,False
R-00367,2024-07-17,Nuts,Food,1,1128.24,Omar,Alexandria,app,28,False
R-00368,2024-07-05,Shoes,Clothing,1,1956.36,Sara,Giza,online,126,False
R-00369,2024-02-29,Coffee,Food,2,346.69,Sara,Amman,store,100,False
R-00370,2024-10-03,Dress,Clothing,2,170.83,Rana,Alexandria,app,62,False
R-00371,2024-07-29,Pillow,Home,2,148.9,Sara,Dubai,online,42,False
R-00372,2024-09-09,Cream,Beauty,150,268.92,Fatma,Amman,app,171,False
R-00373,2024-12-12,Shoes,Sports,3,1535.25,Omar,Amman,phone,82,False
R-00374,2024-06-26,Bottle,Sports,1,1175.94,Fatma,Alexandria,phone,155,False
R-00375,2024-03-02,T-Shirt,Clothing,2,730.11,Omar,Cairo,phone,131,False
R-00376,2024-04-04,Perfume,Beauty,1,983.3,Ahmed,Dubai,store,107,False
R-00377,2024-02-05,Coffee,Food,3,307.42,Rana,Dubai,app,177,False
R-00378,2024-11-27,Blanket,Home,1,792.65,Fatma,Giza,store,180,False
R-00379,2024-12-14,Serum,Beauty,150,417.51,Omar,Cairo,app,14,False
R-00380,2024-12-22,Chocolate,Food,1,615.21,Mohamed,Alexandria,store,92,False
R-00381,2024-03-12,Dress,Clothing,3,784.7,Omar,Alexandria,store,116,False
R-00382,2024-04-10,Shampoo,Beauty,3,231.03,Omar,Riyadh,app,136,False
R-00383,2024-02-10,Lipstick,Beauty,2,965.1,Sara,Cairo,store,165,False
R-00384,2024-06-06,Dress,Clothing,0,989.81,Omar,Dubai,phone,57,False
R-00385,2024-01-17,Dress,Clothing,-1,619.12,Omar,Giza,phone,161,False
R-00386,2024-02-04,Blanket,Home,1,203.91,Ahmed,Giza,store,113,False
R-00387,2024-01-23,Serum,Beauty,-1,66.79,Fatma,Dubai,store,166,False
R-00388,2024-08-07,Phone,Electronics,-1,1781.36,Rana,Cairo,app,83,False
R-00389,2024-08-14,Cream,Beauty,1,925.76,Sara,Amman,app,126,False
R-00390,2024-04-30,Perfume,Beauty,150,1304.36,Ahmed,Amman,online,58,False
R-00391,2024-10-23,Chocolate,Food,1,496.99,Sara,Dubai,store,77,False
R-00392,2024-11-17,Science,Books,2,356.24,Rana,Riyadh,phone,118,False
R-00393,2024-03-25,Perfume,Beauty,4,1347.19,Fatma,Riyadh,online,135,False
R-00394,2024-01-31,Phone,Electronics,3,36.48,Ahmed,Dubai,app,30,False
R-00395,2024-03-29,Shampoo,Beauty,5,1496.18,Ahmed,Riyadh,app,113,False
R-00396,2024-10-23,Perfume,Beauty,-1,1028.55,Omar,Amman,app,173,False
R-00397,2024-03-27,Self-Help,Books,1,1185.28,Fatma,Riyadh,phone,20,False
R-00398,2024-06-30,Tablet,Electronics,2,469.25,Mohamed,Dubai,store,119,False
R-00399,2024-05-27,Perfume,Beauty,2,1284.21,Rana,Riyadh,phone,198,False
R-00400,2024-09-23,Phone,Electronics,4,1414.59,Fatma,Riyadh,store,83,False
R-00401,2024-10-12,Yoga Mat,Sports,3,1837.74,Omar,Alexandria,app,181,False
R-00402,2024-12-18,Comics,Books,1,1368.8,Mohamed,Riyadh,app,51,False
R-00403,2024-10-12,Shoes,Sports,3,477.9,Sara,Giza,online,77,False
R-00404,2024-12-21,Bottle,Sports,-1,1984.86,Ahmed,Giza,phone,30,False
R-00405,2024-01-28,Lamp,Home,1,1317.17,Sara,Cairo,online,188,False
R-00406,2024-08-11,Lipstick,Beauty,2,685.98,Mohamed,Amman,store,162,False
R-00407,2024-07-29,Coffee,Food,1,1179.58,Mohamed,Amman,online,162,False
R-00408,2024-11-18,Lipstick,Beauty,-1,142.98,Mohamed,Dubai,store,19,False
R-00409,2024-04-16,Nuts,Food,-1,1439.03,Mohamed,Dubai,store,22,False
R-00410,2024-02-07,Shampoo,Beauty,2,224.28,Rana,Alexandria,app,13,False
R-00411,2024-01-24,Pillow,Home,-1,124.92,Sara,Amman,online,80,False
R-00412,2024-05-11,Mirror,Home,150,848.97,Omar,Cairo,online,85,False
R-00413,2024-01-23,Shampoo,Beauty,3,1970.9,Sara,Alexandria,store,69,False
R-00414,2024-11-11,Clock,Home,5,830.69,Sara,Cairo,store,140,False
R-00415,2024-01-29,Pillow,Home,1,1883.17,Ahmed,Alexandria,app,135,False
R-00416,2024-12-21,Honey,Food,4,1646.61,Sara,Alexandria,online,4,False
R-00417,2024-04-21,Novel,Books,2,1220.13,Ahmed,Amman,phone,13,False
R-00418,2024-02-15,Cream,Beauty,5,675.69,Ahmed,Alexandria,app,106,False
R-00419,2024-06-14,Laptop,Electronics,2,580.37,Omar,Alexandria,store,83,False
R-00420,2024-09-06,Shoes,Sports,3,658.9,Rana,Riyadh,online,192,False
R-00421,2024-04-24,Cream,Beauty,-1,251.3,Mohamed,Dubai,online,184,False
R-00422,2024-01-22,T-Shirt,Clothing,150,945.81,Fatma,Cairo,online,15,False
R-00423,2024-08-15,Headphones,Electronics,-1,1773.82,Rana,Cairo,online,198,False
R-00424,2024-06-30,Blanket,Home,0,1075.6,Mohamed,Giza,store,167,False
R-00425,2024-07-05,Dumbbells,Sports,3,355.26,Ahmed,Dubai,store,68,False
R-00426,2024-05-14,Tablet,Electronics,1,1215.21,Omar,Alexandria,store,63,False
R-00427,2024-08-22,Shampoo,Beauty,5,1960.39,Rana,Alexandria,online,18,False
R-00428,2024-09-29,Coffee,Food,150,537.44,Ahmed,Riyadh,online,27,False
R-00429,2024-04-19,Shampoo,Beauty,150,536.19,Fatma,Riyadh,app,189,False
R-00430,2024-02-29,Self-Help,Books,4,741.33,Omar,Alexandria,app,140,False
R-00431,2024-05-24,Serum,Beauty,5,199.79,Mohamed,Riyadh,online,103,False
R-00432,2024-07-15,History,Books,4,188.02,Rana,Dubai,online,2,False
R-00433,2024-02-12,Bottle,Sports,4,1871.43,Sara,Cairo,store,168,False
R-00434,2024-10-16,Nuts,Food,3,1164.14,Mohamed,Giza,online,15,False
R-00435,2024-07-15,Tablet,Electronics,1,1789.06,Ahmed,Giza,store,179,False
R-00436,2024-01-04,Tablet,Electronics,3,1914.9,Mohamed,Amman,online,12,False
R-00437,2024-08-30,Blanket,Home,4,1115.43,Sara,Giza,phone,162,False
R-00438,2024-08-25,Headphones,Electronics,150,1250.95,Fatma,Dubai,store,146,False
R-00439,2024-12-22,Tablet,Electronics,1,1041.69,Fatma,Giza,app,177,False
R-00440,2024-05-17,History,Books,1,1908.8,Ahmed,Amman,online,192,False
R-00441,2024-07-31,Laptop,Electronics,-1,627.04,Rana,Dubai,phone,48,False
R-00442,2024-06-01,Camera,Electronics,4,1209.8,Ahmed,Alexandria,phone,16,False
R-00443,2024-08-08,Comics,Books,3,560.67,Sara,Cairo,app,66,False
R-00444,2024-07-08,History,Books,4,1934.91,Ahmed,Riyadh,store,158,False
R-00445,2024-10-23,Science,Books,4,520.67,Rana,Dubai,online,194,False
R-00446,2024-03-18,Jacket,Clothing,5,17.8,Mohamed,Dubai,phone,78,True
R-00447,2024-06-30,Lipstick,Beauty,1,1283.91,Rana,Riyadh,store,161,False
R-00448,2024-04-15,Phone,Electronics,-1,1129.7,Omar,Cairo,app,198,False
R-00449,2024-06-14,T-Shirt,Clothing,0,562.8,Rana,Amman,app,163,False
R-00450,2024-07-04,Clock,Home,5,505.33,Fatma,Alexandria,online,124,False
R-00451,2024-02-01,Pillow,Home,3,1028.92,Ahmed,Dubai,online,112,False
R-00452,2024-11-05,Pillow,Home,2,1092.28,Sara,Giza,store,155,False
R-00453,2024-08-26,Nuts,Food,0,450.52,Mohamed,Alexandria,online,185,False
R-00454,2024-11-23,Phone,Electronics,4,1838.3,Omar,Cairo,store,36,False
R-00455,2024-12-06,Self-Help,Books,150,1253.2,Fatma,Riyadh,online,177,False
R-00456,2024-11-29,History,Books,0,468.78,Sara,Amman,store,148,False
R-00457,2024-11-04,Jeans,Clothing,2,506.85,Rana,Alexandria,phone,189,False
R-00458,2024-02-27,Headphones,Electronics,1,822.63,Sara,Cairo,phone,40,False
R-00459,2024-12-01,Honey,Food,1,1841.6,Mohamed,Dubai,app,93,False
R-00460,2024-02-18,Nuts,Food,0,1165.7,Rana,Riyadh,store,16,False
R-00461,2024-12-26,Novel,Books,1,1936.27,Fatma,Dubai,phone,25,False
R-00462,2024-12-21,Science,Books,5,1119.53,Fatma,Cairo,app,152,False
R-00463,2024-02-20,Shoes,Sports,1,1656.52,Omar,Dubai,store,66,True
R-00464,2024-03-31,Laptop,Electronics,2,1135.16,Fatma,Cairo,store,63,False
R-00465,2024-04-22,Serum,Beauty,4,1437.89,Fatma,Giza,app,6,False
R-00466,2024-07-30,Science,Books,1,541.69,Sara,Riyadh,online,168,False
R-00467,2024-05-06,Cream,Beauty,3,981.46,Rana,Alexandria,online,165,False
R-00468,2024-06-11,Pillow,Home,0,915.34,Mohamed,Alexandria,store,90,False
R-00469,2024-02-04,Shoes,Clothing,4,1117.33,Ahmed,Dubai,phone,75,False
R-00470,2024-03-01,Perfume,Beauty,2,1664.23,Sara,Giza,phone,66,False
R-00471,2024-06-03,Serum,Beauty,4,1564.42,Ahmed,Amman,phone,71,False
R-00472,2024-04-08,Nuts,Food,2,28.14,Omar,Cairo,app,183,False
R-00473,2024-11-30,Perfume,Beauty,4,161.31,Omar,Cairo,app,93,False
R-00474,2024-10-06,Dumbbells,Sports,150,1329.4,Omar,Giza,app,88,False
R-00475,2024-12-23,Science,Books,2,1612.43,Omar,Amman,online,17,False
R-00476,2024-07-28,Resistance Band,Sports,150,569.83,Fatma,Dubai,phone,136,False
R-00477,2024-02-28,Lipstick,Beauty,2,840.2,Ahmed,Alexandria,phone,146,False
R-00478,2024-05-10,Laptop,Electronics,5,1904.48,Sara,Cairo,app,28,False
R-00479,2024-05-02,Headphones,Electronics,5,1207.05,Ahmed,Amman,store,95,False
R-00480,2024-11-03,Honey,Food,1,267.57,Omar,Dubai,store,130,False
R-00481,2024-06-25,Science,Books,4,716.11,Fatma,Giza,app,158,False
R-00482,2024-03-26,Camera,Electronics,150,581.01,Rana,Riyadh,online,97,False
R-00483,2024-12-14,Mirror,Home,4,1793.14,Fatma,Riyadh,store,38,False
R-00484,2024-10-19,History,Books,5,640.98,Rana,Riyadh,phone,196,False
R-00485,2024-04-07,Science,Books,2,1523.12,Fatma,Cairo,phone,144,False
R-00486,2024-11-28,Tablet,Electronics,-1,1258.12,Sara,Amman,app,84,False
R-00487,2024-03-21,Lamp,Home,150,1643.8,Ahmed,Cairo,phone,61,False
R-00488,2024-10-20,Phone,Electronics,5,80.91,Fatma,Alexandria,online,156,False
R-00489,2024-10-29,Science,Books,5,1799.77,Mohamed,Alexandria,phone,110,True
R-00490,2024-11-18,Coffee,Food,4,427.27,Sara,Giza,phone,41,False
R-00491,2024-09-09,Shoes,Clothing,150,372.57,Omar,Giza,online,18,False
R-00492,2024-02-06,Shampoo,Beauty,1,1273.4,Omar,Amman,phone,26,False
R-00493,2024-05-22,Shoes,Clothing,150,1776.47,Ahmed,Alexandria,phone,55,False
R-00494,2024-04-05,Yoga Mat,Sports,5,266.56,Omar,Riyadh,app,85,False
R-00495,2024-10-12,Coffee,Food,150,113.46,Omar,Riyadh,online,5,False
R-00496,2024-01-19,Clock,Home,1,1413.19,Fatma,Amman,app,102,False
R-00497,2024-05-24,Self-Help,Books,0,98.8,Fatma,Riyadh,app,13,False
R-00498,2024-05-04,Novel,Books,1,1197.3,Ahmed,Alexandria,online,54,False
R-00499,2024-04-28,Camera,Electronics,4,878.53,Omar,Riyadh,store,103,False
R-00500,2024-09-05,Shampoo,Beauty,1,1572.75,Omar,Amman,online,7,False
R-00501,2024-05-05,Headphones,Electronics,4,473.11,Fatma,Amman,online,23,False
R-00502,2024-12-19,Phone,Electronics,5,1853.35,Mohamed,Alexandria,phone,88,False
R-00503,2024-09-22,Camera,Electronics,1,611.12,Fatma,Giza,store,105,False
R-00504,2024-04-26,Coffee,Food,1,404.19,Omar,Cairo,online,18,False
R-00505,2024-06-30,Comics,Books,0,303.6,Ahmed,Amman,online,9,False
R-00506,2024-05-07,Dumbbells,Sports,3,717.33,Mohamed,Giza,phone,24,False
R-00507,2024-07-03,Lamp,Home,1,237.38,Sara,Giza,online,185,False
R-00508,2024-12-05,Coffee,Food,0,848.18,Mohamed,Amman,phone,127,False
R-00509,2024-10-08,Lamp,Home,3,562.82,Rana,Amman,phone,169,False
R-00510,2024-05-07,Nuts,Food,0,650.02,Sara,Dubai,phone,17,False
R-00511,2024-01-03,Serum,Beauty,3,76.14,Omar,Riyadh,app,55,False
R-00512,2024-09-15,Coffee,Food,1,808.06,Sara,Giza,store,115,False
R-00513,2024-02-05,Headphones,Electronics,2,1445.59,Rana,Riyadh,app,58,False
R-00514,2024-01-13,Jeans,Clothing,4,1661.92,Rana,Amman,phone,199,False
R-00515,2024-01-11,Self-Help,Books,-1,1499.03,Ahmed,Giza,app,117,False
R-00516,2024-04-17,Science,Books,0,759.8,Mohamed,Amman,store,23,False
R-00517,2024-01-30,Chocolate,Food,2,53.96,Rana,Giza,online,55,False
R-00518,2024-12-29,Tablet,Electronics,1,710.04,Omar,Dubai,phone,180,False
R-00519,2024-08-02,Yoga Mat,Sports,5,850.47,Omar,Dubai,app,43,False
R-00520,2024-04-28,Lipstick,Beauty,1,770.25,Sara,Amman,store,121,False
R-00521,2024-04-25,Laptop,Electronics,2,686.78,Sara,Giza,phone,131,False
R-00522,2024-12-04,Serum,Beauty,-1,252.67,Fatma,Cairo,app,139,False
R-00523,2024-06-25,Blanket,Home,4,691.09,Ahmed,Giza,phone,31,False
R-00524,2024-07-18,Jeans,Clothing,2,253.71,Fatma,Cairo,app,19,False
R-00525,2024-07-15,History,Books,2,312.42,Ahmed,Giza,phone,62,False
R-00526,2024-09-06,Science,Books,5,925.09,Ahmed,Alexandria,phone,5,False
R-00527,2024-07-01,Lamp,Home,3,1324.84,Omar,Cairo,online,99,False
R-00528,2024-08-28,Lipstick,Beauty,0,1355.84,Mohamed,Giza,phone,53,False
R-00529,2024-06-30,Science,Books,3,492.67,Sara,Dubai,phone,155,False
R-00530,2024-03-06,History,Books,1,1382.78,Ahmed,Dubai,app,28,False
R-00531,2024-02-18,Tablet,Electronics,2,1310.63,Fatma,Amman,online,42,False
R-00532,2024-07-25,Lipstick,Beauty,0,1152.05,Omar,Cairo,app,79,False
R-00533,2024-11-28,Resistance Band,Sports,150,1335.36,Mohamed,Cairo,store,178,False
R-00534,2024-11-08,Coffee,Food,3,1135.69,Fatma,Riyadh,store,110,False
R-00535,2024-05-22,Perfume,Beauty,1,1583.92,Mohamed,Alexandria,store,197,False
R-00536,2024-01-02,Camera,Electronics,4,148.41,Mohamed,Giza,online,49,False
R-00537,2024-03-01,Shampoo,Beauty,1,1229.5,Omar,Amman,store,107,False
R-00538,2024-07-26,Lamp,Home,0,960.01,Mohamed,Dubai,online,184,False
R-00539,2024-05-11,Yoga Mat,Sports,0,266.37,Mohamed,Riyadh,online,185,False
R-00540,2024-04-12,Chocolate,Food,0,1668.83,Ahmed,Alexandria,app,150,False
R-00541,2024-03-12,T-Shirt,Clothing,3,1958.42,Ahmed,Amman,app,199,False
R-00542,2024-10-09,Resistance Band,Sports,3,1275.6,Omar,Alexandria,phone,92,False
R-00543,2024-01-14,Serum,Beauty,5,58.42,Sara,Alexandria,app,93,False
R-00544,2024-03-06,Bottle,Sports,3,1464.78,Fatma,Giza,store,84,False
R-00545,2024-12-01,Bottle,Sports,1,1374.35,Mohamed,Cairo,app,197,False
R-00546,2024-12-22,Tea,Food,3,1523.4,Sara,Dubai,store,159,False
R-00547,2024-09-18,Lipstick,Beauty,1,1849.87,Mohamed,Cairo,app,180,False
R-00548,2024-03-13,Perfume,Beauty,1,1176.16,Sara,Cairo,phone,26,False
R-00549,2024-04-03,Nuts,Food,2,673.71,Mohamed,Cairo,phone,75,False
R-00550,2024-02-28,Self-Help,Books,1,1809.02,Rana,Dubai,store,63,False
R-00551,2024-11-22,Shoes,Sports,2,947.77,Mohamed,Dubai,store,66,False
R-00552,2024-07-22,Shoes,Sports,1,986.44,Fatma,Giza,online,82,False
R-00553,2024-12-02,Lipstick,Beauty,3,1529.42,Ahmed,Riyadh,app,197,False
R-00554,2024-07-16,Mirror,Home,2,1295.61,Sara,Giza,app,53,False
R-00555,2024-03-10,Laptop,Electronics,1,319.52,Rana,Dubai,app,122,True
R-00556,2024-09-27,Jacket,Clothing,5,867.52,Ahmed,Cairo,app,190,False
R-00557,2024-06-18,Bottle,Sports,2,1971.61,Sara,Amman,phone,102,False
R-00558,2024-09-06,History,Books,2,1154.74,Ahmed,Alexandria,app,87,False
R-00559,2024-06-28,History,Books,2,1741.47,Mohamed,Alexandria,store,139,False
R-00560,2024-10-15,Chocolate,Food,0,951.42,Ahmed,Cairo,online,40,False
R-00561,2024-09-29,Coffee,Food,1,357.1,Fatma,Alexandria,online,163,False
R-00562,2024-04-20,Cream,Beauty,3,1687.8,Mohamed,Cairo,app,167,False
R-00563,2024-04-24,Cream,Beauty,5,1396.39,Fatma,Cairo,online,79,False
R-00564,2024-11-22,Shoes,Clothing,4,1050.47,Fatma,Amman,phone,137,False
R-00565,2024-05-06,Pillow,Home,150,1485.25,Mohamed,Giza,phone,100,False
R-00566,2024-01-24,T-Shirt,Clothing,2,741.29,Omar,Riyadh,store,87,False
R-00567,2024-05-27,Comics,Books,-1,1447.43,Mohamed,Alexandria,store,44,False
R-00568,2024-12-22,Dress,Clothing,5,339.78,Sara,Dubai,online,171,False
R-00569,2024-10-09,Tea,Food,1,1204.12,Sara,Alexandria,store,83,False
R-00570,2024-05-30,Pillow,Home,1,67.89,Omar,Giza,store,109,False
R-00571,2024-01-23,History,Books,5,756.13,Sara,Alexandria,store,6,False
R-00572,2024-09-02,Novel,Books,-1,1401.15,Rana,Cairo,store,36,False
R-00573,2024-08-09,Coffee,Food,2,12.88,Mohamed,Giza,online,198,False
R-00574,2024-05-28,Phone,Electronics,1,1541.19,Sara,Riyadh,phone,8,False
R-00575,2024-03-25,Camera,Electronics,0,1033.65,Rana,Dubai,phone,64,False
R-00576,2024-12-28,Headphones,Electronics,5,1507.37,Rana,Giza,phone,1,False
R-00577,2024-09-25,Dumbbells,Sports,2,200.49,Rana,Dubai,app,116,False
R-00578,2024-05-29,T-Shirt,Clothing,-1,146.05,Sara,Amman,phone,194,False
R-00579,2024-06-03,Camera,Electronics,2,1977.84,Rana,Riyadh,app,1,False
R-00580,2024-01-02,Dress,Clothing,4,1859.48,Sara,Giza,store,179,False
R-00581,2024-07-03,Shampoo,Beauty,5,513.53,Fatma,Giza,online,137,False
R-00582,2024-08-29,Resistance Band,Sports,2,661.07,Ahmed,Alexandria,app,134,True
R-00583,2024-01-06,T-Shirt,Clothing,2,606.72,Fatma,Riyadh,store,145,False
R-00584,2024-09-18,Jeans,Clothing,-1,967.85,Sara,Riyadh,online,45,False
R-00585,2024-06-28,Science,Books,4,1151.01,Fatma,Dubai,phone,108,False
R-00586,2024-05-30,Perfume,Beauty,1,1148.37,Omar,Cairo,phone,108,False
R-00587,2024-01-05,Chocolate,Food,4,1019.94,Mohamed,Dubai,online,188,False
R-00588,2024-07-24,Resistance Band,Sports,150,660.96,Omar,Dubai,app,108,False
R-00589,2024-12-12,Coffee,Food,1,953.84,Fatma,Cairo,store,124,False
R-00590,2024-02-26,Dress,Clothing,5,347.78,Mohamed,Cairo,online,198,False
R-00591,2024-08-13,Clock,Home,3,912.86,Fatma,Amman,app,49,False
R-00592,2024-06-08,Comics,Books,2,1709.24,Omar,Amman,online,40,False
R-00593,2024-02-11,Nuts,Food,2,283.14,Fatma,Riyadh,online,171,False
R-00594,2024-04-02,Chocolate,Food,2,592.01,Rana,Alexandria,online,112,False
R-00595,2024-05-21,Shoes,Clothing,3,213.71,Sara,Amman,store,84,False
R-00596,2024-02-26,Science,Books,0,357.74,Mohamed,Amman,online,142,False
R-00597,2024-05-11,Jacket,Clothing,2,1952.08,Sara,Dubai,phone,56,True
R-00598,2024-05-26,Phone,Electronics,1,1933.54,Fatma,Giza,phone,96,False
R-00599,2024-03-08,Science,Books,1,1747.95,Fatma,Dubai,store,174,False
R-00600,2024-05-17,Shoes,Sports,1,841.08,Ahmed,Alexandria,online,131,False
