date,region,temperature_c,rained
2026-01-01,Cairo,18.9,0
2026-01-01,Alexandria,16.9,1
2026-01-01,Giza,20.2,0
2026-01-01,Mansoura,15.3,0
2026-01-01,Aswan,23.2,0
2026-01-02,Cairo,17.4,1
2026-01-02,Alexandria,15.5,0
2026-01-02,Giza,17.7,0
2026-01-02,Mansoura,18.8,0
2026-01-02,Aswan,26.5,0
2026-01-03,Cairo,22.9,1
2026-01-03,Alexandria,18.2,1
2026-01-03,Giza,17.9,0
2026-01-03,Mansoura,16.9,0
2026-01-03,Aswan,24.1,0
2026-01-04,Cairo,20.8,0
2026-01-04,Alexandria,16.3,1
2026-01-04,Giza,17.4,0
2026-01-04,Mansoura,19.1,0
2026-01-04,Aswan,24.9,0
2026-01-05,Cairo,19.7,0
2026-01-05,Alexandria,17.8,0
2026-01-05,Giza,18.5,0
2026-01-05,Mansoura,18.2,0
2026-01-05,Aswan,27.4,0
2026-01-06,Cairo,22.9,0
2026-01-06,Alexandria,15.5,0
2026-01-06,Giza,17.9,0
2026-01-06,Mansoura,15.2,0
2026-01-06,Aswan,27.6,0
2026-01-07,Cairo,22.3,0
2026-01-07,Alexandria,17.2,0
2026-01-07,Giza,20.5,0
2026-01-07,Mansoura,20.0,0
2026-01-07,Aswan,25.8,0
2026-01-08,Cairo,17.4,0
2026-01-08,Alexandria,16.9,0
2026-01-08,Giza,21.9,0
2026-01-08,Mansoura,17.3,0
2026-01-08,Aswan,23.1,0
2026-01-09,Cairo,18.0,0
2026-01-09,Alexandria,13.4,0
2026-01-09,Giza,17.8,0
2026-01-09,Mansoura,17.3,0
2026-01-09,Aswan,23.5,0
2026-01-10,Cairo,20.3,0
2026-01-10,Alexandria,17.9,0
2026-01-10,Giza,18.7,0
2026-01-10,Mansoura,17.2,0
2026-01-10,Aswan,28.7,0
2026-01-11,Cairo,18.1,0
2026-01-11,Alexandria,14.4,0
2026-01-11,Giza,20.5,0
2026-01-11,Mansoura,15.0,0
2026-01-11,Aswan,25.2,0
2026-01-12,Cairo,22.7,0
2026-01-12,Alexandria,16.1,0
2026-01-12,Giza,21.1,1
2026-01-12,Mansoura,20.4,0
2026-01-12,Aswan,28.2,0
2026-01-13,Cairo,19.4,0
2026-01-13,Alexandria,13.6,0
2026-01-13,Giza,17.4,1
2026-01-13,Mansoura,16.3,0
2026-01-13,Aswan,25.0,1
2026-01-14,Cairo,17.0,0
2026-01-14,Alexandria,13.6,0
2026-01-14,Giza,17.2,0
2026-01-14,Mansoura,18.7,0
2026-01-14,Aswan,24.5,0
2026-01-15,Cairo,19.2,0
2026-01-15,Alexandria,18.1,0
2026-01-15,Giza,19.8,0
2026-01-15,Mansoura,15.5,0
2026-01-15,Aswan,25.1,0
2026-01-16,Cairo,22.0,0
2026-01-16,Alexandria,13.1,0
2026-01-16,Giza,20.2,0
2026-01-16,Mansoura,18.3,1
2026-01-16,Aswan,26.2,0
2026-01-17,Cairo,22.2,0
2026-01-17,Alexandria,14.6,0
2026-01-17,Giza,18.0,0
2026-01-17,Mansoura,18.2,0
2026-01-17,Aswan,25.0,0
2026-01-18,Cairo,21.9,0
2026-01-18,Alexandria,18.1,0
2026-01-18,Giza,21.9,0
2026-01-18,Mansoura,16.4,0
2026-01-18,Aswan,25.1,1
2026-01-19,Cairo,17.2,0
2026-01-19,Alexandria,14.6,0
2026-01-19,Giza,22.7,0
2026-01-19,Mansoura,20.6,0
2026-01-19,Aswan,28.7,0
2026-01-20,Cairo,18.3,0
2026-01-20,Alexandria,14.2,1
2026-01-20,Giza,20.7,0
2026-01-20,Mansoura,20.0,0
2026-01-20,Aswan,26.9,0
2026-01-21,Cairo,17.5,0
2026-01-21,Alexandria,18.5,0
2026-01-21,Giza,21.5,0
2026-01-21,Mansoura,16.1,0
2026-01-21,Aswan,25.0,0
2026-01-22,Cairo,22.8,0
2026-01-22,Alexandria,15.4,0
2026-01-22,Giza,21.3,0
2026-01-22,Mansoura,15.8,0
2026-01-22,Aswan,28.4,0
2026-01-23,Cairo,17.9,0
2026-01-23,Alexandria,18.9,0
2026-01-23,Giza,19.1,0
2026-01-23,Mansoura,15.8,1
2026-01-23,Aswan,28.8,0
2026-01-24,Cairo,20.2,0
2026-01-24,Alexandria,15.6,0
2026-01-24,Giza,22.0,0
2026-01-24,Mansoura,16.5,0
2026-01-24,Aswan,24.4,0
2026-01-25,Cairo,18.6,0
2026-01-25,Alexandria,13.8,0
2026-01-25,Giza,19.1,0
2026-01-25,Mansoura,18.5,0
2026-01-25,Aswan,25.5,0
2026-01-26,Cairo,20.0,0
2026-01-26,Alexandria,16.1,1
2026-01-26,Giza,19.6,0
2026-01-26,Mansoura,15.0,0
2026-01-26,Aswan,24.0,0
2026-01-27,Cairo,21.4,0
2026-01-27,Alexandria,15.0,0
2026-01-27,Giza,20.3,0
2026-01-27,Mansoura,15.6,0
2026-01-27,Aswan,24.5,0
2026-01-28,Cairo,21.6,0
2026-01-28,Alexandria,16.4,0
2026-01-28,Giza,22.5,0
2026-01-28,Mansoura,18.7,0
2026-01-28,Aswan,26.1,0
