order_id,customer_id,product_id,quantity,unit_price,status,channel,order_date,category
ORD-0001,41,4,1,373.36,pending,mobile_app,2024-02-05,Electronics
ORD-0002,44,24,99,52.6,refunded,website,2024-01-08,Electronics
ORD-0003,14,8,99,304.99,pending,store,2024-02-26,Home
ORD-0004,38,9,1,381.82,pending,store,2024-03-28,Clothing
ORD-0005,10,7,3,60.08,refunded,website,2024-04-01,Clothing
ORD-0006,39,9,1,367.57,completed,store,2024-01-21,Sports
ORD-0007,19,27,3,292.9,completed,website,2024-06-18,Books
ORD-0008,50,10,1,429.11,completed,store,2024-03-12,Home
ORD-0009,41,27,3,89.7,cancelled,mobile_app,2024-06-20,Clothing
ORD-0010,45,30,1,308.47,pending,mobile_app,2024-02-11,Home
ORD-0011,25,9,99,117.61,cancelled,website,2024-02-28,Electronics
ORD-0012,21,13,2,42.43,cancelled,mobile_app,2024-06-16,Home
ORD-0013,26,29,0,80.01,pending,mobile_app,2024-05-23,Sports
ORD-0014,17,24,-1,449.93,refunded,phone,2024-02-26,Books
ORD-0015,33,16,1,380.33,completed,mobile_app,2024-06-09,Books
ORD-0016,44,14,1,198.54,refunded,phone,2024-05-21,Electronics
ORD-0017,44,24,1,344.04,cancelled,phone,2024-01-29,Clothing
ORD-0018,28,6,0,11.59,cancelled,mobile_app,2024-05-09,Electronics
ORD-0019,41,10,99,308.4,pending,phone,2024-02-11,Sports
ORD-0020,50,30,99,460.06,cancelled,store,2024-01-05,Electronics
ORD-0021,24,29,2,127.33,pending,website,2024-01-22,Home
ORD-0022,5,25,99,385.26,pending,store,2024-05-20,Books
ORD-0023,17,17,-1,482.54,pending,phone,2024-04-12,Clothing
ORD-0024,29,29,99,231.23,pending,mobile_app,2024-01-17,Clothing
ORD-0025,2,19,99,122.76,pending,website,2024-01-19,Electronics
ORD-0026,15,3,1,431.22,completed,mobile_app,2024-03-12,Home
ORD-0027,14,18,1,364.44,refunded,mobile_app,2024-05-01,Home
ORD-0028,13,4,1,332.9,cancelled,store,2024-04-15,Home
ORD-0029,47,2,1,39.7,cancelled,website,2024-03-04,Books
ORD-0030,13,18,0,78.69,pending,phone,2024-04-28,Books
ORD-0031,5,15,99,57.98,completed,website,2024-03-01,Books
ORD-0032,27,16,0,114.74,refunded,website,2024-02-12,Home
ORD-0033,1,13,2,463.99,refunded,phone,2024-04-18,Sports
ORD-0034,43,23,0,85.85,cancelled,mobile_app,2024-01-15,Sports
ORD-0035,48,18,1,376.51,completed,website,2024-05-29,Home
ORD-0036,33,30,99,87.14,completed,mobile_app,2024-01-18,Sports
ORD-0037,5,22,2,207.85,pending,website,2024-06-07,Electronics
ORD-0038,27,22,99,165.02,cancelled,mobile_app,2024-06-20,Clothing
ORD-0039,16,9,-1,74.13,cancelled,store,2024-03-21,Electronics
ORD-0040,1,15,1,45.9,pending,phone,2024-02-03,Clothing
ORD-0041,5,29,2,191.07,pending,store,2024-05-19,Clothing
ORD-0042,40,26,99,13.83,cancelled,website,2024-02-04,Clothing
ORD-0043,8,29,1,373.78,pending,phone,2024-03-13,Sports
ORD-0044,14,23,3,109.76,cancelled,store,2024-03-05,Electronics
ORD-0045,6,21,-1,416.38,completed,website,2024-03-26,Books
ORD-0046,41,9,1,373.2,refunded,website,2024-01-29,Electronics
ORD-0047,45,29,1,277.34,cancelled,mobile_app,2024-04-20,Books
ORD-0048,3,10,3,450.5,completed,phone,2024-02-23,Books
ORD-0049,43,4,3,392.26,refunded,mobile_app,2024-03-01,Books
ORD-0050,12,29,-1,22.15,cancelled,store,2024-06-20,Books
ORD-0051,18,6,1,197.45,completed,store,2024-02-26,Books
ORD-0052,30,12,2,412.06,pending,mobile_app,2024-01-07,Books
ORD-0053,26,11,2,433.53,cancelled,phone,2024-06-13,Sports
ORD-0054,26,22,99,172.26,completed,website,2024-03-07,Books
ORD-0055,38,9,1,63.12,refunded,phone,2024-03-21,Home
ORD-0056,39,17,1,198.75,pending,phone,2024-01-12,Home
ORD-0057,1,17,99,346.56,pending,phone,2024-04-20,Electronics
ORD-0058,43,30,3,315.35,completed,phone,2024-05-09,Clothing
ORD-0059,43,14,3,207.18,cancelled,mobile_app,2024-02-19,Home
ORD-0060,43,13,1,311.6,cancelled,store,2024-05-20,Electronics
ORD-0061,20,10,2,220.65,cancelled,store,2024-04-23,Home
ORD-0062,44,7,99,241.86,pending,website,2024-03-13,Sports
ORD-0063,43,21,3,55.76,pending,phone,2024-02-27,Books
ORD-0064,10,1,1,129.97,refunded,website,2024-04-26,Home
ORD-0065,41,19,2,361.99,refunded,store,2024-04-12,Books
ORD-0066,10,21,1,447.4,completed,store,2024-02-26,Books
ORD-0067,45,17,0,34.61,pending,website,2024-04-26,Books
ORD-0068,30,22,99,494.07,cancelled,store,2024-06-05,Sports
ORD-0069,28,27,99,228.5,pending,store,2024-04-25,Clothing
ORD-0070,49,8,2,385.25,refunded,mobile_app,2024-03-11,Home
ORD-0071,5,23,2,124.9,cancelled,phone,2024-05-18,Electronics
ORD-0072,9,5,2,197.69,pending,mobile_app,2024-01-17,Home
ORD-0073,27,11,99,238.3,completed,mobile_app,2024-04-17,Home
ORD-0074,50,19,1,429.8,refunded,store,2024-01-02,Clothing
ORD-0075,20,25,-1,428.19,refunded,mobile_app,2024-05-04,Books
ORD-0076,18,14,0,24.22,cancelled,store,2024-02-12,Home
ORD-0077,9,20,99,23.21,refunded,website,2024-01-22,Home
ORD-0078,9,28,0,99.05,cancelled,store,2024-03-24,Books
ORD-0079,30,11,3,383.0,refunded,phone,2024-04-17,Clothing
ORD-0080,6,16,1,377.02,completed,phone,2024-02-27,Electronics
ORD-0081,50,21,1,379.57,pending,mobile_app,2024-01-06,Sports
ORD-0082,10,8,1,242.04,completed,mobile_app,2024-04-29,Clothing
ORD-0083,50,12,1,306.89,completed,mobile_app,2024-03-20,Electronics
ORD-0084,38,1,2,292.14,refunded,store,2024-02-20,Electronics
ORD-0085,38,23,2,59.93,cancelled,website,2024-05-24,Electronics
ORD-0086,23,18,-1,334.15,completed,phone,2024-01-04,Home
ORD-0087,32,4,-1,480.79,refunded,mobile_app,2024-04-21,Books
ORD-0088,47,17,2,311.8,refunded,store,2024-04-21,Sports
ORD-0089,18,11,2,417.06,completed,phone,2024-04-25,Books
ORD-0090,49,15,-1,174.83,refunded,phone,2024-02-16,Home
ORD-0091,14,12,2,176.77,cancelled,website,2024-05-12,Books
ORD-0092,6,8,-1,249.4,pending,store,2024-06-14,Home
ORD-0093,29,26,1,55.6,pending,store,2024-06-26,Books
ORD-0094,20,22,3,241.9,cancelled,store,2024-05-20,Clothing
ORD-0095,23,23,0,142.75,cancelled,mobile_app,2024-01-31,Books
ORD-0096,21,4,99,475.93,pending,mobile_app,2024-02-25,Home
ORD-0097,18,24,99,302.43,completed,mobile_app,2024-03-16,Books
ORD-0098,24,6,2,16.93,pending,phone,2024-01-12,Electronics
ORD-0099,36,10,1,322.56,refunded,website,2024-01-04,Sports
ORD-0100,19,16,0,225.83,pending,website,2024-03-05,Home
ORD-0101,8,27,1,206.35,completed,website,2024-02-08,Books
ORD-0102,37,10,1,497.02,completed,store,2024-06-04,Sports
ORD-0103,40,8,99,196.39,refunded,phone,2024-05-30,Home
ORD-0104,20,19,1,308.72,completed,mobile_app,2024-06-09,Books
ORD-0105,17,22,1,86.96,pending,website,2024-02-10,Electronics
ORD-0106,27,15,0,152.72,pending,phone,2024-03-13,Home
ORD-0107,5,22,2,462.72,pending,store,2024-01-30,Sports
ORD-0108,15,21,1,455.12,pending,website,2024-01-16,Books
ORD-0109,20,20,2,225.19,refunded,phone,2024-06-28,Home
ORD-0110,18,17,99,251.96,completed,website,2024-04-20,Clothing
ORD-0111,39,9,1,54.75,completed,phone,2024-05-27,Electronics
ORD-0112,49,25,1,240.55,refunded,phone,2024-02-16,Sports
ORD-0113,28,21,0,484.84,refunded,phone,2024-04-14,Clothing
ORD-0114,21,22,1,430.29,cancelled,store,2024-06-26,Home
ORD-0115,19,22,-1,408.65,completed,store,2024-01-23,Clothing
ORD-0116,17,11,1,485.39,refunded,website,2024-06-17,Sports
ORD-0117,30,14,1,101.92,cancelled,store,2024-06-09,Home
ORD-0118,49,2,2,140.86,pending,phone,2024-04-22,Home
ORD-0119,8,1,2,357.79,cancelled,website,2024-05-21,Home
ORD-0120,6,8,1,236.11,completed,mobile_app,2024-05-07,Clothing
ORD-0121,33,23,2,213.59,refunded,store,2024-03-03,Home
ORD-0122,36,5,-1,103.4,pending,website,2024-03-11,Home
ORD-0123,22,30,99,140.91,completed,phone,2024-03-17,Sports
ORD-0124,38,22,0,433.98,refunded,store,2024-03-29,Clothing
ORD-0125,36,25,99,194.83,cancelled,mobile_app,2024-06-27,Books
ORD-0126,37,13,2,429.45,refunded,website,2024-03-22,Home
ORD-0127,46,30,-1,199.18,pending,store,2024-01-10,Books
ORD-0128,33,19,3,436.15,refunded,website,2024-05-14,Home
ORD-0129,1,24,1,210.89,pending,website,2024-04-30,Clothing
ORD-0130,22,20,-1,328.42,cancelled,store,2024-03-22,Home
ORD-0131,35,2,1,125.04,cancelled,mobile_app,2024-01-24,Home
ORD-0132,7,25,1,227.4,cancelled,website,2024-01-12,Clothing
ORD-0133,4,10,3,193.67,pending,mobile_app,2024-05-15,Home
ORD-0134,37,22,1,93.29,completed,store,2024-06-07,Books
ORD-0135,32,30,1,123.77,cancelled,store,2024-03-06,Electronics
ORD-0136,30,29,2,342.03,pending,website,2024-04-23,Clothing
ORD-0137,38,10,-1,348.25,refunded,phone,2024-02-20,Home
ORD-0138,31,4,2,196.87,cancelled,phone,2024-06-28,Clothing
ORD-0139,2,27,-1,144.5,completed,store,2024-03-14,Books
ORD-0140,39,26,3,117.31,pending,phone,2024-06-22,Books
ORD-0141,41,4,1,161.38,refunded,website,2024-05-28,Clothing
ORD-0142,47,5,1,455.72,cancelled,store,2024-02-14,Books
ORD-0143,9,26,99,439.47,cancelled,phone,2024-02-12,Clothing
ORD-0144,31,26,2,375.81,cancelled,website,2024-04-29,Electronics
ORD-0145,10,25,2,431.47,refunded,phone,2024-01-24,Home
ORD-0146,1,9,99,70.56,cancelled,phone,2024-05-29,Home
ORD-0147,41,12,1,340.67,refunded,website,2024-06-07,Sports
ORD-0148,21,30,2,327.35,refunded,phone,2024-06-15,Home
ORD-0149,8,5,1,473.67,cancelled,store,2024-01-30,Electronics
ORD-0150,16,29,99,76.48,refunded,phone,2024-06-20,Sports
ORD-0151,27,19,1,443.85,completed,store,2024-06-06,Home
ORD-0152,18,2,3,116.46,refunded,mobile_app,2024-04-02,Electronics
ORD-0153,44,12,99,451.83,cancelled,website,2024-04-11,Clothing
ORD-0154,13,4,0,54.92,pending,website,2024-01-13,Clothing
ORD-0155,16,5,2,43.62,pending,mobile_app,2024-02-29,Clothing
ORD-0156,50,5,1,145.86,pending,mobile_app,2024-05-18,Clothing
ORD-0157,12,4,1,74.58,cancelled,mobile_app,2024-05-30,Clothing
ORD-0158,2,6,2,35.68,refunded,website,2024-01-17,Home
ORD-0159,29,25,3,261.49,completed,store,2024-05-08,Books
ORD-0160,40,2,99,157.8,completed,website,2024-05-02,Home
ORD-0161,28,22,1,250.23,refunded,website,2024-01-21,Clothing
ORD-0162,39,5,1,71.83,cancelled,store,2024-06-01,Sports
ORD-0163,19,15,99,306.66,completed,website,2024-06-16,Sports
ORD-0164,47,28,2,220.73,pending,store,2024-03-27,Home
ORD-0165,26,14,1,163.15,cancelled,phone,2024-04-05,Books
ORD-0166,44,30,0,42.9,completed,website,2024-04-20,Electronics
ORD-0167,48,24,3,407.77,completed,phone,2024-06-20,Electronics
ORD-0168,27,12,-1,435.37,completed,phone,2024-06-02,Clothing
ORD-0169,23,4,99,114.24,refunded,mobile_app,2024-01-28,Clothing
ORD-0170,36,12,1,383.68,pending,store,2024-05-23,Sports
ORD-0171,40,22,99,22.86,cancelled,website,2024-02-16,Clothing
ORD-0172,45,25,2,461.55,cancelled,website,2024-02-16,Books
ORD-0173,37,22,-1,44.1,completed,website,2024-05-15,Books
ORD-0174,25,14,0,177.04,cancelled,phone,2024-03-24,Sports
ORD-0175,39,3,1,86.23,completed,website,2024-03-10,Home
ORD-0176,43,14,0,307.47,refunded,phone,2024-02-25,Sports
ORD-0177,8,12,-1,64.34,refunded,phone,2024-01-12,Books
ORD-0178,26,20,1,13.77,cancelled,mobile_app,2024-02-05,Clothing
ORD-0179,19,11,1,13.79,refunded,mobile_app,2024-02-03,Home
ORD-0180,35,23,2,255.13,cancelled,website,2024-04-11,Electronics
ORD-0181,28,1,0,461.37,cancelled,store,2024-05-26,Home
ORD-0182,46,21,-1,151.86,refunded,website,2024-03-24,Books
ORD-0183,40,15,3,53.18,completed,mobile_app,2024-04-21,Sports
ORD-0184,26,17,1,203.93,cancelled,phone,2024-02-26,Clothing
ORD-0185,50,6,1,260.14,completed,mobile_app,2024-03-30,Clothing
ORD-0186,47,27,1,125.77,pending,phone,2024-02-20,Books
ORD-0187,39,5,1,96.8,refunded,store,2024-05-24,Sports
ORD-0188,29,22,3,433.48,cancelled,mobile_app,2024-04-22,Electronics
ORD-0189,31,15,2,400.2,completed,phone,2024-05-09,Electronics
ORD-0190,20,15,0,28.43,cancelled,phone,2024-01-20,Electronics
ORD-0191,40,20,99,198.4,completed,store,2024-05-26,Books
ORD-0192,21,20,0,255.67,completed,store,2024-01-27,Clothing
ORD-0193,46,3,99,326.6,completed,mobile_app,2024-04-22,Home
ORD-0194,34,17,1,188.31,cancelled,store,2024-04-14,Clothing
ORD-0195,44,20,1,396.72,cancelled,website,2024-03-25,Electronics
ORD-0196,36,22,-1,149.23,pending,phone,2024-01-21,Sports
ORD-0197,43,5,3,162.01,refunded,mobile_app,2024-06-01,Electronics
ORD-0198,20,18,-1,325.31,cancelled,mobile_app,2024-06-20,Sports
ORD-0199,6,21,-1,259.16,completed,phone,2024-03-20,Books
ORD-0200,14,11,0,104.08,pending,mobile_app,2024-01-20,Clothing
ORD-0201,7,17,99,419.21,completed,phone,2024-06-07,Books
ORD-0202,39,13,1,89.5,pending,store,2024-01-12,Home
ORD-0203,24,22,2,485.1,cancelled,store,2024-02-29,Sports
ORD-0204,16,10,0,452.95,pending,phone,2024-06-22,Sports
ORD-0205,29,15,2,391.28,refunded,mobile_app,2024-02-21,Sports
ORD-0206,9,28,2,35.57,refunded,phone,2024-05-21,Electronics
ORD-0207,46,28,99,427.07,cancelled,website,2024-02-11,Clothing
ORD-0208,29,29,99,82.2,refunded,website,2024-02-26,Home
ORD-0209,23,30,1,213.3,refunded,phone,2024-03-01,Home
ORD-0210,6,12,2,23.81,completed,phone,2024-02-07,Books
ORD-0211,3,10,0,351.08,pending,store,2024-04-24,Sports
ORD-0212,1,29,1,19.31,pending,mobile_app,2024-05-20,Sports
ORD-0213,34,14,1,390.32,pending,phone,2024-02-01,Electronics
ORD-0214,16,14,0,40.78,refunded,website,2024-06-10,Sports
ORD-0215,37,8,1,152.72,completed,phone,2024-03-02,Sports
ORD-0216,27,6,1,266.51,cancelled,website,2024-05-14,Sports
ORD-0217,33,26,99,281.53,refunded,store,2024-01-12,Home
ORD-0218,24,9,1,184.98,completed,phone,2024-03-02,Electronics
ORD-0219,50,19,3,75.37,cancelled,phone,2024-06-13,Books
ORD-0220,50,22,0,490.6,refunded,mobile_app,2024-02-04,Electronics
ORD-0221,46,25,0,28.12,pending,website,2024-02-21,Electronics
ORD-0222,21,30,2,262.54,refunded,phone,2024-01-10,Books
ORD-0223,19,12,1,434.24,cancelled,phone,2024-02-01,Clothing
ORD-0224,28,29,-1,374.22,refunded,phone,2024-02-17,Home
ORD-0225,45,16,3,462.91,cancelled,website,2024-04-18,Electronics
ORD-0226,28,20,1,277.28,cancelled,website,2024-01-21,Clothing
ORD-0227,43,10,2,228.5,refunded,mobile_app,2024-06-25,Home
ORD-0228,23,15,1,366.14,cancelled,store,2024-03-11,Electronics
ORD-0229,5,22,-1,188.02,pending,website,2024-02-06,Sports
ORD-0230,44,26,0,27.05,completed,mobile_app,2024-06-14,Clothing
ORD-0231,24,13,1,306.5,refunded,phone,2024-04-05,Home
ORD-0232,49,3,1,269.44,refunded,phone,2024-06-15,Clothing
ORD-0233,16,4,1,370.48,refunded,store,2024-05-23,Electronics
ORD-0234,17,25,2,354.98,pending,phone,2024-06-26,Home
ORD-0235,13,4,1,427.88,refunded,mobile_app,2024-04-23,Electronics
ORD-0236,44,28,3,337.24,completed,phone,2024-03-17,Books
ORD-0237,46,23,1,398.91,pending,website,2024-02-21,Books
ORD-0238,16,26,0,22.88,cancelled,store,2024-05-21,Books
ORD-0239,40,29,1,42.22,refunded,store,2024-05-14,Home
ORD-0240,50,14,1,71.41,cancelled,website,2024-04-25,Home
ORD-0241,44,17,3,72.88,pending,mobile_app,2024-04-20,Sports
ORD-0242,4,27,1,263.87,cancelled,mobile_app,2024-02-11,Clothing
ORD-0243,46,8,3,474.27,cancelled,website,2024-03-05,Books
ORD-0244,41,18,2,71.33,cancelled,website,2024-05-08,Books
ORD-0245,38,19,1,93.89,cancelled,website,2024-01-08,Electronics
ORD-0246,3,21,2,329.05,refunded,website,2024-05-07,Sports
ORD-0247,19,21,2,246.64,refunded,phone,2024-04-26,Electronics
ORD-0248,45,2,1,225.41,refunded,store,2024-02-22,Clothing
ORD-0249,39,5,3,432.13,cancelled,phone,2024-04-12,Books
ORD-0250,49,12,99,285.21,cancelled,mobile_app,2024-04-29,Electronics
ORD-0251,18,15,2,79.03,completed,phone,2024-04-08,Sports
ORD-0252,27,8,1,408.6,cancelled,mobile_app,2024-02-10,Home
ORD-0253,33,15,0,440.75,refunded,website,2024-01-24,Home
ORD-0254,33,15,2,115.42,cancelled,website,2024-01-13,Clothing
ORD-0255,32,20,0,150.02,completed,website,2024-04-20,Books
ORD-0256,17,24,3,384.29,cancelled,website,2024-04-12,Electronics
ORD-0257,37,18,2,187.64,cancelled,website,2024-04-08,Sports
ORD-0258,29,25,99,147.06,completed,mobile_app,2024-01-25,Home
ORD-0259,24,26,3,283.34,cancelled,mobile_app,2024-02-20,Sports
ORD-0260,33,13,99,29.72,completed,mobile_app,2024-03-26,Home
ORD-0261,34,15,1,307.07,pending,phone,2024-06-05,Clothing
ORD-0262,11,13,2,300.93,refunded,phone,2024-05-01,Electronics
ORD-0263,24,11,1,490.15,cancelled,website,2024-06-01,Home
ORD-0264,17,21,2,363.49,refunded,mobile_app,2024-05-14,Sports
ORD-0265,50,27,-1,82.41,pending,website,2024-05-26,Electronics
ORD-0266,13,1,0,163.71,pending,store,2024-06-25,Books
ORD-0267,27,17,0,437.68,completed,mobile_app,2024-05-12,Books
ORD-0268,36,11,0,267.48,cancelled,mobile_app,2024-04-27,Sports
ORD-0269,22,18,3,341.18,cancelled,store,2024-02-19,Books
ORD-0270,18,18,2,120.18,cancelled,phone,2024-02-23,Home
ORD-0271,21,16,3,284.64,cancelled,phone,2024-02-01,Sports
ORD-0272,44,18,-1,448.92,refunded,phone,2024-02-07,Clothing
ORD-0273,3,10,1,179.72,refunded,phone,2024-05-02,Books
ORD-0274,13,27,99,142.86,cancelled,mobile_app,2024-01-28,Sports
ORD-0275,48,19,2,128.8,pending,mobile_app,2024-01-14,Electronics
ORD-0276,27,11,0,59.27,pending,website,2024-05-20,Books
ORD-0277,27,21,0,243.95,pending,phone,2024-03-23,Clothing
ORD-0278,42,2,1,329.63,pending,website,2024-02-14,Home
ORD-0279,12,30,1,498.61,refunded,store,2024-02-17,Clothing
ORD-0280,3,1,2,288.3,completed,phone,2024-03-13,Home
ORD-0281,42,18,99,252.02,pending,store,2024-03-10,Books
ORD-0282,8,11,1,368.25,cancelled,mobile_app,2024-01-04,Clothing
ORD-0283,19,19,2,95.99,refunded,store,2024-05-11,Clothing
ORD-0284,6,13,1,100.54,pending,store,2024-03-23,Books
ORD-0285,1,9,-1,125.41,cancelled,phone,2024-03-18,Sports
ORD-0286,47,19,1,138.16,cancelled,mobile_app,2024-01-16,Electronics
ORD-0287,30,10,1,208.65,cancelled,website,2024-06-12,Clothing
ORD-0288,24,20,2,117.37,pending,store,2024-02-09,Home
ORD-0289,48,20,3,213.76,refunded,mobile_app,2024-03-04,Sports
ORD-0290,6,17,0,268.8,cancelled,website,2024-05-24,Electronics
ORD-0291,4,27,99,452.42,pending,mobile_app,2024-02-12,Clothing
ORD-0292,34,15,1,343.34,refunded,website,2024-05-10,Home
ORD-0293,4,15,1,261.49,refunded,website,2024-05-23,Home
ORD-0294,44,26,2,364.41,refunded,phone,2024-01-01,Books
ORD-0295,38,3,1,217.61,completed,website,2024-01-18,Home
ORD-0296,3,10,-1,98.19,pending,store,2024-04-05,Home
ORD-0297,29,28,-1,194.07,pending,phone,2024-01-31,Books
ORD-0298,35,13,99,72.4,pending,website,2024-01-06,Clothing
ORD-0299,30,22,99,217.82,refunded,mobile_app,2024-03-04,Home
ORD-0300,23,5,2,102.36,completed,website,2024-06-18,Home
