order_id,customer_id,product_id,quantity,unit_price,status,channel,order_date,category,rejection_reason
ORD-0002,44,24,99,52.6,refunded,website,2024-01-08,Electronics,invalid quantity
ORD-0003,14,8,99,304.99,pending,store,2024-02-26,Home,invalid quantity
ORD-0011,25,9,99,117.61,cancelled,website,2024-02-28,Electronics,invalid quantity
ORD-0013,26,29,0,80.01,pending,mobile_app,2024-05-23,Sports,invalid quantity
ORD-0014,17,24,-1,449.93,refunded,phone,2024-02-26,Books,invalid quantity
ORD-0018,28,6,0,11.59,cancelled,mobile_app,2024-05-09,Electronics,invalid quantity
ORD-0019,41,10,99,308.4,pending,phone,2024-02-11,Sports,invalid quantity
ORD-0020,50,30,99,460.06,cancelled,store,2024-01-05,Electronics,invalid quantity
ORD-0022,5,25,99,385.26,pending,store,2024-05-20,Books,invalid quantity
ORD-0023,17,17,-1,482.54,pending,phone,2024-04-12,Clothing,invalid quantity
ORD-0024,29,29,99,231.23,pending,mobile_app,2024-01-17,Clothing,invalid quantity
ORD-0025,2,19,99,122.76,pending,website,2024-01-19,Electronics,invalid quantity
ORD-0030,13,18,0,78.69,pending,phone,2024-04-28,Books,invalid quantity
ORD-0031,5,15,99,57.98,completed,website,2024-03-01,Books,invalid quantity
ORD-0032,27,16,0,114.74,refunded,website,2024-02-12,Home,invalid quantity
ORD-0034,43,23,0,85.85,cancelled,mobile_app,2024-01-15,Sports,invalid quantity
ORD-0036,33,30,99,87.14,completed,mobile_app,2024-01-18,Sports,invalid quantity
ORD-0038,27,22,99,165.02,cancelled,mobile_app,2024-06-20,Clothing,invalid quantity
ORD-0039,16,9,-1,74.13,cancelled,store,2024-03-21,Electronics,invalid quantity
ORD-0042,40,26,99,13.83,cancelled,website,2024-02-04,Clothing,invalid quantity
ORD-0045,6,21,-1,416.38,completed,website,2024-03-26,Books,invalid quantity
ORD-0050,12,29,-1,22.15,cancelled,store,2024-06-20,Books,invalid quantity
ORD-0054,26,22,99,172.26,completed,website,2024-03-07,Books,invalid quantity
ORD-0057,1,17,99,346.56,pending,phone,2024-04-20,Electronics,invalid quantity
ORD-0062,44,7,99,241.86,pending,website,2024-03-13,Sports,invalid quantity
ORD-0067,45,17,0,34.61,pending,website,2024-04-26,Books,invalid quantity
ORD-0068,30,22,99,494.07,cancelled,store,2024-06-05,Sports,invalid quantity
ORD-0069,28,27,99,228.5,pending,store,2024-04-25,Clothing,invalid quantity
ORD-0073,27,11,99,238.3,completed,mobile_app,2024-04-17,Home,invalid quantity
ORD-0075,20,25,-1,428.19,refunded,mobile_app,2024-05-04,Books,invalid quantity
ORD-0076,18,14,0,24.22,cancelled,store,2024-02-12,Home,invalid quantity
ORD-0077,9,20,99,23.21,refunded,website,2024-01-22,Home,invalid quantity
ORD-0078,9,28,0,99.05,cancelled,store,2024-03-24,Books,invalid quantity
ORD-0086,23,18,-1,334.15,completed,phone,2024-01-04,Home,invalid quantity
ORD-0087,32,4,-1,480.79,refunded,mobile_app,2024-04-21,Books,invalid quantity
ORD-0090,49,15,-1,174.83,refunded,phone,2024-02-16,Home,invalid quantity
ORD-0092,6,8,-1,249.4,pending,store,2024-06-14,Home,invalid quantity
ORD-0095,23,23,0,142.75,cancelled,mobile_app,2024-01-31,Books,invalid quantity
ORD-0096,21,4,99,475.93,pending,mobile_app,2024-02-25,Home,invalid quantity
ORD-0097,18,24,99,302.43,completed,mobile_app,2024-03-16,Books,invalid quantity
ORD-0100,19,16,0,225.83,pending,website,2024-03-05,Home,invalid quantity
ORD-0103,40,8,99,196.39,refunded,phone,2024-05-30,Home,invalid quantity
ORD-0106,27,15,0,152.72,pending,phone,2024-03-13,Home,invalid quantity
ORD-0110,18,17,99,251.96,completed,website,2024-04-20,Clothing,invalid quantity
ORD-0113,28,21,0,484.84,refunded,phone,2024-04-14,Clothing,invalid quantity
ORD-0115,19,22,-1,408.65,completed,store,2024-01-23,Clothing,invalid quantity
ORD-0122,36,5,-1,103.4,pending,website,2024-03-11,Home,invalid quantity
ORD-0123,22,30,99,140.91,completed,phone,2024-03-17,Sports,invalid quantity
ORD-0124,38,22,0,433.98,refunded,store,2024-03-29,Clothing,invalid quantity
ORD-0125,36,25,99,194.83,cancelled,mobile_app,2024-06-27,Books,invalid quantity
ORD-0127,46,30,-1,199.18,pending,store,2024-01-10,Books,invalid quantity
ORD-0130,22,20,-1,328.42,cancelled,store,2024-03-22,Home,invalid quantity
ORD-0137,38,10,-1,348.25,refunded,phone,2024-02-20,Home,invalid quantity
ORD-0139,2,27,-1,144.5,completed,store,2024-03-14,Books,invalid quantity
ORD-0143,9,26,99,439.47,cancelled,phone,2024-02-12,Clothing,invalid quantity
ORD-0146,1,9,99,70.56,cancelled,phone,2024-05-29,Home,invalid quantity
ORD-0150,16,29,99,76.48,refunded,phone,2024-06-20,Sports,invalid quantity
ORD-0153,44,12,99,451.83,cancelled,website,2024-04-11,Clothing,invalid quantity
ORD-0154,13,4,0,54.92,pending,website,2024-01-13,Clothing,invalid quantity
ORD-0160,40,2,99,157.8,completed,website,2024-05-02,Home,invalid quantity
ORD-0163,19,15,99,306.66,completed,website,2024-06-16,Sports,invalid quantity
ORD-0166,44,30,0,42.9,completed,website,2024-04-20,Electronics,invalid quantity
ORD-0168,27,12,-1,435.37,completed,phone,2024-06-02,Clothing,invalid quantity
ORD-0169,23,4,99,114.24,refunded,mobile_app,2024-01-28,Clothing,invalid quantity
ORD-0171,40,22,99,22.86,cancelled,website,2024-02-16,Clothing,invalid quantity
ORD-0173,37,22,-1,44.1,completed,website,2024-05-15,Books,invalid quantity
ORD-0174,25,14,0,177.04,cancelled,phone,2024-03-24,Sports,invalid quantity
ORD-0176,43,14,0,307.47,refunded,phone,2024-02-25,Sports,invalid quantity
ORD-0177,8,12,-1,64.34,refunded,phone,2024-01-12,Books,invalid quantity
ORD-0181,28,1,0,461.37,cancelled,store,2024-05-26,Home,invalid quantity
ORD-0182,46,21,-1,151.86,refunded,website,2024-03-24,Books,invalid quantity
ORD-0190,20,15,0,28.43,cancelled,phone,2024-01-20,Electronics,invalid quantity
ORD-0191,40,20,99,198.4,completed,store,2024-05-26,Books,invalid quantity
ORD-0192,21,20,0,255.67,completed,store,2024-01-27,Clothing,invalid quantity
ORD-0193,46,3,99,326.6,completed,mobile_app,2024-04-22,Home,invalid quantity
ORD-0196,36,22,-1,149.23,pending,phone,2024-01-21,Sports,invalid quantity
ORD-0198,20,18,-1,325.31,cancelled,mobile_app,2024-06-20,Sports,invalid quantity
ORD-0199,6,21,-1,259.16,completed,phone,2024-03-20,Books,invalid quantity
ORD-0200,14,11,0,104.08,pending,mobile_app,2024-01-20,Clothing,invalid quantity
ORD-0201,7,17,99,419.21,completed,phone,2024-06-07,Books,invalid quantity
ORD-0204,16,10,0,452.95,pending,phone,2024-06-22,Sports,invalid quantity
ORD-0207,46,28,99,427.07,cancelled,website,2024-02-11,Clothing,invalid quantity
ORD-0208,29,29,99,82.2,refunded,website,2024-02-26,Home,invalid quantity
ORD-0211,3,10,0,351.08,pending,store,2024-04-24,Sports,invalid quantity
ORD-0214,16,14,0,40.78,refunded,website,2024-06-10,Sports,invalid quantity
ORD-0217,33,26,99,281.53,refunded,store,2024-01-12,Home,invalid quantity
ORD-0220,50,22,0,490.6,refunded,mobile_app,2024-02-04,Electronics,invalid quantity
ORD-0221,46,25,0,28.12,pending,website,2024-02-21,Electronics,invalid quantity
ORD-0224,28,29,-1,374.22,refunded,phone,2024-02-17,Home,invalid quantity
ORD-0229,5,22,-1,188.02,pending,website,2024-02-06,Sports,invalid quantity
ORD-0230,44,26,0,27.05,completed,mobile_app,2024-06-14,Clothing,invalid quantity
ORD-0238,16,26,0,22.88,cancelled,store,2024-05-21,Books,invalid quantity
ORD-0250,49,12,99,285.21,cancelled,mobile_app,2024-04-29,Electronics,invalid quantity
ORD-0253,33,15,0,440.75,refunded,website,2024-01-24,Home,invalid quantity
ORD-0255,32,20,0,150.02,completed,website,2024-04-20,Books,invalid quantity
ORD-0258,29,25,99,147.06,completed,mobile_app,2024-01-25,Home,invalid quantity
ORD-0260,33,13,99,29.72,completed,mobile_app,2024-03-26,Home,invalid quantity
ORD-0265,50,27,-1,82.41,pending,website,2024-05-26,Electronics,invalid quantity
ORD-0266,13,1,0,163.71,pending,store,2024-06-25,Books,invalid quantity
ORD-0267,27,17,0,437.68,completed,mobile_app,2024-05-12,Books,invalid quantity
ORD-0268,36,11,0,267.48,cancelled,mobile_app,2024-04-27,Sports,invalid quantity
ORD-0272,44,18,-1,448.92,refunded,phone,2024-02-07,Clothing,invalid quantity
ORD-0274,13,27,99,142.86,cancelled,mobile_app,2024-01-28,Sports,invalid quantity
ORD-0276,27,11,0,59.27,pending,website,2024-05-20,Books,invalid quantity
ORD-0277,27,21,0,243.95,pending,phone,2024-03-23,Clothing,invalid quantity
ORD-0281,42,18,99,252.02,pending,store,2024-03-10,Books,invalid quantity
ORD-0285,1,9,-1,125.41,cancelled,phone,2024-03-18,Sports,invalid quantity
ORD-0290,6,17,0,268.8,cancelled,website,2024-05-24,Electronics,invalid quantity
ORD-0291,4,27,99,452.42,pending,mobile_app,2024-02-12,Clothing,invalid quantity
ORD-0296,3,10,-1,98.19,pending,store,2024-04-05,Home,invalid quantity
ORD-0297,29,28,-1,194.07,pending,phone,2024-01-31,Books,invalid quantity
ORD-0298,35,13,99,72.4,pending,website,2024-01-06,Clothing,invalid quantity
ORD-0299,30,22,99,217.82,refunded,mobile_app,2024-03-04,Home,invalid quantity
